id,accelerometer_axis_1,accelerometer_axis_2,accelerometer_axis_3
1,0.496283852201605,-0.757847443396873,0.603072814183752
2,0.652702909077108,1.40522575216312,0.829577012811909
3,0.468213000677083,0.248909820916332,-0.718366561661559
4,-1.72740974964146,-0.461902869565881,-1.27990082747799
5,-0.862355504956359,-0.392500857595531,-1.32322288015232
6,1.1912178687009,0.463491329372499,3.04126261759336
7,0.486007983768055,-0.398246412818684,0.215199727216536
8,1.04474504135469,-1.816226933275,-1.5319208105463
9,-1.4763391471019,0.757092975942731,-0.246084586510641
10,-0.171200780847085,-1.53160541130139,0.180080571200885
11,-0.327036825604765,0.198235391825408,-0.574693751926763
12,0.475881982651774,-1.19625995388676,-0.447926558363141
13,-0.34175152192324,-0.358101549687771,0.641860357395278
14,-0.647706070584601,-0.823339480887926,-1.17098294414501
15,-0.947592634984643,0.400638570142211,-0.125085509460342
16,-0.478704133204097,0.146525180080269,1.5085867071904
17,-0.030823074412704,-0.494180339443419,-0.87736407384014
18,0.684764628601621,1.89814662873269,0.0634678981976381
19,-1.09235091236156,-1.48929341472793,1.22580533303611
20,1.7895136106881,-0.747001290234439,1.10204345020509
21,-0.723333188701458,-1.93154673313226,0.915927836000779
22,-1.46963079601483,0.15406670267425,-0.162294868435906
23,-0.695751806450253,-0.804587825817933,1.4878421606901
24,-1.22856310875081,0.506300384936838,1.29484705715266
25,1.02701271436432,0.849743948482814,0.212979797421072
26,1.07141051984496,0.283417327116363,0.748327840537426
27,0.136426253146047,-0.643544000165652,0.527538354412971
28,0.453753815349157,-1.35234208369941,-3.06485341384232
29,-0.416762311234818,1.83289600905792,0.596862243381332
30,0.112059417163306,0.621846945346783,0.99418694432518
31,-0.82181884412096,1.14871843779708,-1.36585510471019
32,2.12258315454865,-1.40681907788157,-0.432634356981683
33,-1.74738136669711,-1.63817125252419,1.15952616336357
34,-0.278943326509508,-0.545717243446502,-0.355316059744928
35,-0.864269285955678,0.914814411676419,-0.0484098555266322
36,1.53541668994546,-0.546299585064442,1.38705525208008
37,0.281380575901965,1.92459055365165,-1.14354039756232
38,0.976560678635304,-0.488848008651913,1.22573125221265
39,1.33189192930165,-2.31764847533165,0.170023241303473
40,-1.37450047293844,-0.624824741984193,0.78716241628537
41,0.260430181533807,-0.128523221883105,3.37758019017987
42,-0.724307320008716,1.18700401340387,-0.523497875360051
43,0.591423509627545,-0.990916568317802,-0.0906507589861618
44,0.809055664886839,1.20310252568911,-0.52885278002781
45,1.46450742019935,-0.990150115910133,-0.0133350811065232
46,0.71989934716624,-0.736630682437552,0.120309218202156
47,0.647009583924214,0.960067237192025,1.98652960562312
48,2.29038849297946,-0.14367369422167,1.11493668081499
49,-1.19701120305161,-0.738604855445292,0.748184424837614
50,-1.30934889301066,0.602154963127977,1.23105618354039
51,-1.48453942537642,-0.497854576153087,-0.346527731056787
52,-0.35250776619538,0.925243173609864,-0.0612922640336132
53,-1.52038190739835,1.22847835336731,-1.05942156510698
54,0.113569522390986,1.43206108325934,-2.41374393755573
55,-1.37319565700353,-1.43850980354059,-0.994835926828449
56,1.00846598605745,1.15525607443248,0.971218866934105
57,-0.850747943738202,0.0450177614610533,0.580590391827532
58,0.691274803229954,-0.441844351313424,-0.981207639372781
59,-0.626947890182129,-0.287370464186942,1.09767001964724
60,0.101166572596189,-0.54280719642204,-0.469922000433171
61,1.15534328005666,0.563531663252506,-0.366369238143315
62,0.00703759772617037,1.01501698437532,0.726779886018801
63,0.53032409785737,1.6040648985728,-0.13375405029251
64,-0.931201981280905,-1.28669946778499,-0.993231081094493
65,-0.605281255751824,0.885454977878089,-0.373288984276209
66,-0.80799357194517,-1.70266131180382,-0.250051519976804
67,0.274038291628201,0.136579698671782,-1.27915132750884
68,0.954552920359397,-1.73780341228168,1.0207454649974
69,0.813317875861332,0.939345830318119,-0.0604049596801475
70,-0.591466904752402,-0.965589654421579,-0.223120326092359
71,0.366905942325,-0.0792398850643613,-0.161296231219667
72,0.426459163972191,-1.34960605509481,-0.0607751390832329
73,-0.399516979480168,-0.67321363330488,0.569749303224741
74,-0.223248943241279,-0.330520658059226,0.416369866740067
75,-1.33173587336464,-0.0673875450489606,1.06625607218635
76,-1.58286354836296,-0.845294735839734,0.884631574881098
77,0.214298486903335,0.480281244259176,-1.67511020981983
78,-0.56235349180933,-1.92398487082884,-0.0553947526517259
79,1.36048895990507,-1.1586790170293,-0.628788382217817
80,-1.36513959526257,-0.851313051086476,-1.17585464710361
81,-1.00415158622944,-0.576025207089371,0.831995543475936
82,-0.139364203323858,0.3845747536109,-0.828212516344246
83,0.438049668246297,-0.147371335716473,-1.7628728891984
84,2.09409492499495,1.37542566106949,0.671495101133121
85,-1.20487425980304,-0.49253683222372,1.62509921082848
86,-2.43181030155509,2.53169101823263,0.450707542166014
87,0.61998025573865,0.23576360286629,-2.55175312104965
88,-0.229248154557486,-1.37695037679697,-0.853339607710239
89,0.471884448005611,0.730206127570676,-0.0280534030143737
90,1.42075394320906,-1.16196817554892,-2.41344257120946
91,-0.999033041873685,1.38376414186866,0.434580136040469
92,-0.747667523765351,1.22225111991385,-0.170670722939383
93,0.0361396437716094,0.617816992502284,-0.611512675648977
94,-0.593253283886796,0.331807806636146,0.408820332382848
95,-1.13437982824999,-0.35280785616733,0.0306634682440245
96,-0.125667104360804,-1.17594401718238,0.956306985206654
97,-0.131134844922553,0.985205659346415,-1.15067317418458
98,-1.94412013141259,-0.0146203411780586,0.821636451797555
99,0.215224133265769,-0.551494320693697,0.106475359572698
100,-1.56300591419492,0.289252294223612,1.30175821209725
101,-2.53733575714061,0.958608301526264,-0.742624461969893
102,-0.145431608390966,-0.375408510979539,0.0441246692709683
103,-0.676842726428372,-1.26695166163433,-2.05483894224533
104,-0.343638582823228,0.399493269477777,-0.760131277509874
105,-0.1644222169484,0.994622452600253,1.03489184434816
106,-0.0452254614147395,1.05694264286709,0.280125227406032
107,-0.169815935026702,0.656065898234317,-0.390266366275747
108,1.13221413351181,-0.601610045942995,-0.539523495138169
109,-0.0961862412809861,0.282510785364252,0.353838563075345
110,0.690030195418069,-0.945636408628804,-1.81218985271891
111,0.476970324417087,2.07039974176917,0.932334520448468
112,-0.3310916810328,-0.0786687421027063,-0.772676866726555
113,-0.238609049816785,-1.56354935774925,-0.567277346850746
114,-2.1917517707927,0.142179316614802,0.0195598525046282
115,0.136389987621683,0.162638847854394,-0.889499306466811
116,-1.53741107272865,-0.317219566464485,-0.614873862823327
117,1.77278611118406,-1.12941693146571,0.379791555739741
118,0.334417634197041,0.190138950547462,-0.0834187291553958
119,-0.0771476741873444,-0.506656358570476,0.412962121385426
120,0.986885751512735,1.7192291776268,-1.76437698843373
121,-0.592765653309891,0.602712909957793,-1.47641077085103
122,-2.15075020423966,-1.05288085950742,1.1091223168913
123,0.617180662739321,0.725226876221575,2.3568890308623
124,0.348094273332874,0.174132087637896,-0.734499894602508
125,0.188707966261051,0.471734829943265,0.0183596426539883
126,-0.158373923858154,-0.244730000951331,0.3320103210392
127,0.0464424177954764,-0.964700078885071,0.28253799568318
128,-0.192757040838071,1.05564579236449,-0.974386827702886
129,-0.0908529974843378,-0.192470302208345,-1.7786357348134
130,0.351899557729948,-1.48454050240503,1.14145878683385
131,1.29175049590349,-0.197923020316073,-2.61348324873786
132,0.906310244755239,-0.745946968827516,-0.904561250508474
133,0.758242006651576,-0.468313189913218,-2.04369197592566
134,0.21239469966032,-0.456832456711112,-0.159099533951061
135,0.941476014630794,1.25088776007277,-2.22433545230156
136,0.601090930338361,2.61485632685954,-0.562985713050628
137,-0.115040582794315,-0.428585407198368,0.819968963729135
138,-0.40517328433676,-1.53803283480617,-0.726812681234694
139,0.479312657188135,0.476698977313104,0.39204878291152
140,-0.698346373746999,1.39196938636146,1.71507184461769
141,2.11091754296094,-0.319306844671423,0.149517637363074
142,1.60866811517687,1.35063160505495,-0.964591672095543
143,0.835875265064636,-0.00328597320948729,-1.16919827993849
144,-0.0948202910739572,-1.28724170456632,0.904129690017538
145,-0.280818545651381,1.2102870012225,-0.714723058635466
146,-0.496445132728069,1.17289482956661,-0.196201283883612
147,-0.53058638431132,1.81546415869045,-1.15304106463102
148,0.725598001248664,0.453511018490059,0.398211953973844
149,-0.361156396204653,-0.309482716288962,-1.86007540021476
150,-0.201362827125229,1.02302202455796,-0.0075038701324618
151,0.793907055049827,-1.56953497303936,1.06438870452633
152,-0.82709984620829,-0.870258751255382,0.323859061245112
153,0.234516659541406,1.53065531215625,-1.4687013692279
154,1.36791209248342,1.70638577962481,-1.2579655188956
155,0.45092506701577,1.1265088915105,-0.653593729227042
156,-1.20415680696178,-0.172777734455938,-1.19243316947233
157,-0.626546216753409,17.8879723245841,0.133022242984508
158,0.857460932205809,1.35285128070977,1.6571061858909
159,-1.15144972442239,-1.34135856483867,-1.59471817704523
160,-2.6439356079494,-0.119763381809278,0.565855028469333
161,0.577377582510786,-0.780725595069471,-1.31269082164348
162,1.29344050223954,-1.39226885343128,1.85088372362537
163,0.592363868396729,-1.71330896874508,-0.60790489772919
164,0.749984894697867,0.414835183103702,0.752632269440314
165,-1.46442289886323,-0.894283873163651,-0.159416138945784
166,1.60040477254728,-0.186950663879088,1.16514245808322
167,-0.366335690196737,-0.756377924639493,2.09299833525641
168,1.02571480677076,-1.12298804527005,0.0586777869968674
169,-0.13677173750786,-1.06070103509924,0.19615380877241
170,-0.168335284931138,1.68386606818846,-1.16144004598546
171,-0.0839964921235457,-1.32768845003663,1.04396966699724
172,-0.0449364231472099,0.518798960729873,0.87371302590467
173,0.714068854528879,-0.40591200375125,0.636447472030387
174,-0.0500120338593136,-0.709433928743926,-1.31034817978523
175,-0.0272701525614378,1.03971763135558,0.603030669743065
176,0.571369741033478,-0.642765706228371,-0.0884177264228792
177,0.515142742923565,0.981164241258801,-0.646847911375741
178,1.21430487779153,-1.19673777797493,-0.0723628898828629
179,-1.04778588188483,0.411375075430592,-0.545044483048684
180,0.912055628779656,-0.520455228901597,0.0504114468163989
181,-0.810988234373067,0.970844581518854,-0.861715977716443
182,0.646332617682391,-1.12771630653188,-1.02857517241953
183,-0.526818921424861,0.75246347906583,-1.71448717612972
184,0.649612299722285,-2.06299607322423,0.12604188928121
185,-1.2009796079214,-0.144436243328354,0.912851343997005
186,-0.153226062136775,-0.352674467821603,-1.08455806598516
187,-0.851795828023844,-1.49550342081326,-0.518648910371929
188,-0.228940865904122,-0.675126911452549,1.8332505996593
189,1.04460397160975,-0.393723544236162,0.306497613196581
190,1.33276197264786,-0.995944848947236,-0.180706108048549
191,0.912963572616894,-0.903250738947416,0.496898804888558
192,0.831971334865883,1.00702708210286,-1.25247697000231
193,-0.293145124138298,1.13971655084901,14.9422587676858
194,-0.0463039326050409,0.0442050613069874,1.10729258345883
195,-0.669790452669708,-0.175732209664682,-2.73199939317044
196,-0.810774457504355,2.07770234518436,0.492067711819675
197,-0.345807248161819,-1.72116926975038,-1.30344629398791
198,-1.17696796489725,0.928299091018739,-0.793701821539632
199,0.584667719465528,-0.232047495200277,0.75551351864116
200,1.54135273047435,0.205958733680844,1.17019933418178
201,-0.512951810148054,0.5343316954607,0.585943663179619
202,-1.49294147741617,1.12562032548413,1.86297197129319
203,-0.70258031964714,-1.22482843043878,0.065317769788115
204,-1.51373560500861,0.351287417339517,-0.906504330111793
205,-0.609288912193153,-1.86522662079031,-1.81963176215168
206,-0.68824332994537,-0.398244918995526,0.916176439724742
207,-0.428727495348884,-1.71419940345475,1.31448610738583
208,-0.444598883753298,-1.74468707153864,1.39490175043776
209,-2.22921729131933,0.138484125106336,0.276394225883461
210,0.0388994416990316,0.0473571953969145,-0.0278941678951331
211,0.826554614118434,0.219573896421723,-0.793298022608274
212,-1.56698910930518,-0.0222263903476375,0.420986952705893
213,-1.98327113142182,-2.1711583134217,-1.64971643420958
214,0.714280044288484,0.990860156476026,-0.481687614252298
215,0.164129407121323,-0.564848623153928,-0.177147025043914
216,0.36465198423722,-0.668022807987968,0.690321557069499
217,0.858879591091668,0.408889030874624,1.54598202871918
218,0.421026404070822,-0.792661845656077,-1.33500582595147
219,-0.0692406202763155,0.379565665734271,1.06330281011295
220,-1.17345397110784,0.698689736285792,-0.101013746889349
221,1.63600228255477,-1.09268708284109,-1.27871024456957
222,-0.464519584737169,0.0347072652148953,-0.0241268181131631
223,-0.366890192310956,-0.178502769508156,0.0179451696867079
224,-1.76431902026598,-0.680540594838293,-2.32105255249961
225,-0.874018707323267,-1.80594669866857,0.171755057245172
226,-1.22753861582355,0.764842680503575,1.14206177507117
227,0.230011999267902,-0.577564950103034,-0.139552794145939
228,0.0705110153385734,-0.353814446728924,-1.22271392997158
229,-0.454963169651727,0.588520305711317,-0.0932842498925387
230,-1.56653854184855,1.3402998666143,-0.036490826958555
231,0.412464387834619,-0.178561531569971,-0.709034723072141
232,0.525209849881458,1.27962615477834,-1.7998611530081
233,1.52154867024835,-0.934599093364864,-1.70668010142968
234,-0.709428214504461,0.78590948613822,-0.146331184250411
235,-0.536392143283534,-1.26878881963919,0.0536624545087871
236,-0.593725502859591,0.685899369241029,912310844581136
237,1.20661591225822,0.163644739021274,-1.14709023159602
238,-0.424739613238963,-1.71162611730203,1.01522033237302
239,-0.284126864469796,0.528410937284823,0.871182214160622
240,-2.23355669713068,1.18516598092156,0.768961121714799
241,-1.70349918019106,1.09480577609128,0.793348620142262
242,0.708259926593402,-1.00729368246781,1.03240979138826
243,-0.331633692018426,-0.377422797835609,0.19209798860483
244,-0.633637179917397,-0.921824084888081,1.64225536823674
245,1.02757674605133,1.04351982717482,-1.79663684554393
246,0.0407028643296443,1.37476436925649,-1.43576242449561
247,-0.520736375582189,0.849858354271362,-1.37005694000491
248,-0.635372048416077,-0.307872532866646,1.15933891559087
249,-1.40373952090487,0.399325530376895,-0.173980983261112
250,-1.18486272078352,0.919850394121712,1.0580248896425
251,-0.256189817043945,0.89745259197305,0.645468744597381
252,0.839676168520457,-0.288126405450536,1.60674484427331
253,-0.166926847675156,0.43040682915044,0.958493982123992
254,0.390560928936398,0.460649462879582,-0.25814938553285
255,-0.256202197644483,-0.192310069203449,1.4283605106891
256,0.366704892887678,-0.725971704617501,2.06458810165663
257,-1.08932067602094,-0.0193497816985445,-1.61429272951097
258,-0.242441659382225,0.0748715373037354,-1.09497742876029
259,-0.1599379869329,1.68708356450666,0.980553814210838
260,-0.0845029022705871,1.79203188226417,-0.382923014599186
261,0.168697268239475,-1.94668017739182,-0.746987778158919
262,0.822391658876334,-1.02659306753925,0.117388863412187
263,-0.901038409120243,-0.347863681289156,1.22992173650685
264,0.150068079001292,1.59464349121457,0.28695935407314
265,0.571267188767336,-0.0234066011149352,-1.64860705289753
266,-1.02710579814721,0.517515989191568,1.12768550391666
267,-0.598630501774973,-0.377669463495968,-0.257348878203998
268,1.468710322736,0.817470179906931,-0.666443857021388
269,-0.346566891948033,-1.94240417718426,-0.453988405854328
270,-1.603565101582,-1.72455296229231,0.940699599107719
271,0.29634738659232,-0.212910259132283,0.649224959374663
272,-0.88821450668891,1.09512479610352,-1.4358175962402
273,1.02812159626884,-0.0695489283622357,2.28775956871697
274,0.528629571791279,0.996278733766197,-0.317197106727
275,-0.681404150105967,-0.0505261684880335,0.623832125781142
276,0.628598797779139,0.69115625590769,-2.55833022477996
277,-0.725328363997603,0.224442696514598,1.03082781132089
278,-1.2315603495382,-0.408065160952949,-1.387590627419
279,-0.152353533471332,1.37615986726076,-0.0716157293324063
280,1.33252175464905,-0.45295509820793,-0.501981199986101
281,0.293049383927759,0.752162677796056,-0.13651029979525
282,-0.27918841193253,-0.809668587651646,-0.455083135529456
283,0.931594183466961,-0.219816351968245,-0.867157758037922
284,1.1316738123226,0.160798107015272,0.960420486742165
285,-1.4175864837514,0.586824917267087,-1.50975311263579
286,0.468110433356984,-0.188458445499121,-1.36383568311425
287,0.982848452585947,1.79729106679103,-0.727458001535101
288,-0.03761929906316,0.628746330583784,-0.554217711094567
289,0.206447218479844,-0.395398159953912,-0.596206469445294
290,0.803891505381763,0.942584090291425,-1.30128045348759
291,-0.352414087069003,-1.23162635458767,0.00604782430778321
292,-1.51621317756248,0.422531273408506,0.977002420921858
293,-0.661635022108034,0.483606515429223,-0.359409741666655
294,1.03098967581092,1.79104710880882,-1.18223300200068
295,0.0802718180516062,-1.04078079059471,0.806174449904493
296,1.71074364563957,0.721905763059511,-0.359227180260959
297,-1.47606306771276,-0.47268066188359,1.13663095105188
298,-1.34525198101906,-0.993234247961402,-1.31027937250806
299,-1.27576393384468,2.02090936774892,1.02831514533312
300,0.875157731672006,-0.485618131137193,0.378843845560768
301,0.258296713383752,-0.830572090654668,0.646419165510524
302,0.204096053794521,2.00139704474385,-1.68081956914181
303,-0.43407598304928,-0.878636246765152,-1.30645674887765
304,-0.285221624725718,2.08733768432186,-0.73457258062889
305,-1.19027175011221,-0.394444637337084,0.974216256193493
306,0.0400188266587994,-0.66683214003469,0.83584687842991
307,-0.221453774257542,-1.71293272747215,0.324019397672954
308,-1.53544880626882,-1.30044304397286,0.835077072827173
309,0.549931759012081,-1.19422901936053,0.757259102638368
310,-1.47798177774956,-1.26027089022474,0.7656701954049
311,-0.302706378031943,0.463539725279491,-0.85610430943087
312,-0.779000138348115,0.782289827682188,-0.582884965646024
313,1.0457890526226,-0.844421715822447,-1.37193844315487
314,-0.229111008403046,-0.312000563571153,1.70700718534238
315,-2.86820544181255,-0.545147060201635,1.73799208878748
316,-0.809177686848779,-0.765085158143797,0.267677734785994
317,-1.64171435338993,0.622038808318879,2.17202212619907
318,0.00957851357574741,0.553638292817142,-1.65835198184136
319,-0.96475457071831106,-0.225540587940963,-1.08506990864448
320,-0.39017400882377,-0.516826321003663,-0.357336879287536
321,0.340011630586568,0.58014697282548,-0.352927768115108
322,0.61149202481306,-0.687152344127667,0.089155679619819
323,1.54909653926859,0.0841093136131996,0.825661245398238
324,-0.0919048894817501,0.230003234020851,1.82128017510768
325,-1.82436069010561,-1.25487932621023,-1.12714866486001
326,0.241035197109653,0.0796159912368076,-1.42498067222595
327,-2.11994474631883,-1.44510695998613,1.49252097785924
328,0.877736093145485,1.03471545396194,1.65801423555243
329,-1.00060823274349,-0.674763189536165,-0.661760725557369
330,-0.757857244900955,-0.259490773585238,0.496895984129406
331,1.18103521684275,-1.07573287667023,0.645749355636718
332,-0.591620345974816,-0.665792933159691,-0.606109457630241
333,-0.352092024462246,0.694896110151815,-0.00142587116347223
334,0.90533167074544,-0.41492121273856297,0.0194464290170544
335,0.737646301606992,0.319164145250187,-1.78509635981626
336,0.101800918769673,1.13264665477281,-1.14539467133923
337,-1.19492251466272,-1.2421134800585,2.61513292164324
338,-1.49368084043082,0.890181459156931,0.832716152768217
339,-1.82425878876776,-0.540493169408813,1.41462604526254
340,-0.121953727464304,1.35424450464591,1.73027221307759
341,0.670078289452703,2.08421350305031,1.2424402838045
342,-0.490705935951023,1.84573924284807,-0.729966738096515
343,-0.237983782313341,-0.027122814666279,2.09606075063372
344,0.402680976191248,-0.175618337700764,0.317839994317205
345,-1.10150388507206,-0.588068343615485,0.812453948482396
346,0.0292549570421153,-0.260166445698929,-0.26763959518066
347,0.101811103464323,1.60124061403234,0.426343023848066
348,0.375793592249342,1.20619054103531,-1.45435562055227
349,-1.02041862206558,0.547927568282835,2.06648055720156
350,0.577998039352928,-0.384367085068621,0.63891918896275
351,0.121365515890646,-2.11901386351996,-0.294416364716252
352,1.08285531405086,-0.143110365439547,-0.369050424562614
353,-0.294419721611095,-1.0756550327036,0.336687460412895
354,2.05973550062836,0.33829235525766,1.87633516615749
355,0.496623633088711,-0.056617700547668,0.69327125213442
356,-0.115721487735986,-0.273072971566098,-0.519248928664333
357,0.1246371518342,-0.307940266625891,-0.659422221858341
358,-0.389955991013619,0.631954868841637,-2.01678118163659
359,0.620337977084857,-2.39944081176039,1.30150343266228
360,2.39990638058604,0.31560321944447,1.00364097204559
361,-1.68694140707824,0.855127632164817,0.184204527181076
362,1.49778907420323,0.232134643334125,-0.360202303935441
363,0.860850344811711,1.06164908517107,-0.541406114310716
364,0.628467623247889,-0.308764129784023,-1.36622026125845
365,-0.367432666366498,-0.659761307244468,0.738558728423949
366,1.09940577204454,0.94385390706523,-1.41067706819924
367,0.626065066199,-0.590913162551478,0.29572638546141
368,1.52387751567701,-0.449641066564761,0.380303646620895
369,1.48734361841344,0.586675193472559,-1.48667263133667
370,0.923012634288564,0.20249035883102,0.888887694603121
371,-0.77393992834122,2.01521261179378,-1.44782377011845
372,-0.505967365596704,1.06494330983961,0.153387523575044
373,-0.339609100879267,-0.292274167453916,-1.4010126715972
374,0.208906031133341,-0.271068996748403,-1.56458980869834
375,-0.0976989693606571,1.5470568864057,1.60307601545736
376,0.493646405844485,-0.137445895880411,0.708478342018394
377,0.365893754459742,-1.21007512474873,-0.430782230992069
378,-1.06303138638289,-0.2755436569475,-0.304831195885268
379,0.354047848355035,1.13268336788609,-0.573797121109942
380,2.03664648352255,0.100588425151267,-0.838085990237583
381,0.436197176173722,-0.60473301773263,0.00323917007159352
382,0.168752433993464,1.05938406315371,-0.131112335181604
383,-1.58550294443026,0.510606451647476,-0.887116968312475
384,0.233553355472959,0.906392964492485,0.0343013097425419
385,0.929475078311076,-1.21892141778697,-1.87748119745478
386,-1.95224892000917,-0.169166620544655,0.783796126005662
387,-1.6020285929718,0.206063898239408,1.02155267183858
388,-1.09028474720503,0.18852533469279,-0.837758831467062
389,0.00701803587318465,-0.161660468496432,-0.537666406926588
390,0.0355969006206319,1.7072660654731,-0.00736429374726849
391,1.39889762553386,-1.09881049994221,0.312742830205783
392,-0.196283784749172,-1.40773634206534,-1.38140452622382
393,0.50384942827375,-0.373495015190401,-0.964936719348314
394,-0.888665284869983,-0.160862440093047,0.153119970991061
395,-0.233888142001789,0.364118268126821,-1.02813092576638
396,1.01629230729427,0.127515624046393,0.51550276957658
397,-0.0546682750926066,-0.230259228398183,1.29638480071431
398,-2.14882620643728,-0.0517996714888122,1.15191755794292
399,-0.622451659952641,-0.115888502900418,-0.196575450035472
400,0.403904457200038,1.19369767953275,1.04634681094685
401,-0.589164741716491,1.89939644462066,-1.2362748105283
402,1.09620689918466,1.21766456336226,0.0709062179172987
403,-0.254935968873623,0.71976684117596,-1.51472483418813
404,0.430497769713877,0.0742513800370326,1.26518161509238
405,-1.31005412842881,0.653971140559473,0.420573128782783
406,0.810240734254414,0.792984113090652,-0.473518365942345
407,-1.26131731249289,2.33837701671247,-0.110026877657412
408,0.294914361381454,-0.353167055971799,-1.80388655920465
409,-0.292389595418776,0.4718014953756,-0.862178921422971
410,-0.138141022738922,-1.96221741697843,0.255570110425667
411,-0.168513808397506,-0.898390105535675,-0.932776736789663
412,-0.231393168560318,-0.74900804018007,0.349037533594191
413,-0.12960897425238,0.83658001326806,-0.465010582915176
414,-0.230243428585118,-0.21725180294788,1.45838456568736
415,1.59211735068065,-2.56542528639267,-2.1475282196799
416,-1.3759523965735,-0.0882143140646982,2.21365566264521
417,0.249565469855905,-0.36746260681898,-0.400057952889344
418,0.184170341521631,0.706032849123174,-1.41989854410897
419,-0.784277257018982,1.16488304690409,0.406103221584866
420,0.125838531073177,0.50395540656924,-0.65504712173887
421,1.00731713046872,0.706669477040005,0.967699599931686
422,1.80608201012896,0.279135404135846,0.00680195887026588
423,-1.4644857144002,-0.102611969234917,-0.512206727937081
424,0.309370593348655,-1.30652995886713,-0.656987432766615
425,-1.54426176371617,0.258063196365358,-1.26712819890977
426,-0.138853665688356,0.598554728281028,-0.627625446480392
427,-0.649137433527169,-0.692876739723542,-0.369554450621318
428,0.152160810627469,0.758540739029429,-0.122932049019928
429,0.508842823216404,-2.1445153778367,0.555856526203652
430,0.184509568266008,-0.0286216222793049,-0.613841857132465
431,0.707352090945693,0.0662666393572996,0.610828620186417
432,-1.0775979620444,0.907898845067748,-1.19084761861797
433,-1.41435966699005,-0.378151999734059,-2.84664325804664
434,1.3537807994578,1.00637506421622,0.191516938109861
435,0.845851936720094,-1.47918386987937,1.44746220314466
436,1.39609722340486,0.638168109469505,-0.825463134865041
437,-1.49779157647953,-1.74804731116033,1.50035571789027
438,1.37021904596821,-2.41244479318503,-0.199553596089778
439,1.69483428461984,1.23739762470829,-1.70026281913648
440,0.406209264063145,1.24584881483044,0.176723790672558
441,-0.210020233835923,-0.405843415661728,-1.27502949948436
442,-0.652801834937476,0.118438114611399,-1.47870697927335
443,1.14231987422175,-1.22804772015088,-1.07867656630199
444,-0.817507980691463,-1.41602224211607,-0.637270047223072
445,0.356509355470757,-1.12022014331427,0.661302574332538
446,0.315698188737806,2.17982657463811,-2.47262639033553
447,1.03721369501664,-2.54604988563162,-0.147615320069666
448,1.89077802487949,0.41221721118787,-0.70186916067735
449,-1.5984149691442,-1.17818062831034,0.597563129514045
450,0.69677878716655,-1.41737318260457,-1.94230124287098
451,1.69678711432006,-0.45091030818824,0.701735567334285
452,-0.959659735563523,-0.219752927090911,-0.265446158951172
453,1.25726794879381,0.0977505225627083,-1.33307758080187
454,0.327299452694636,-0.422899352737679,0.141914737286459
455,2.00902649906839,0.647063291422218,-0.924137384137628
456,-2.19232314468887,0.914468014004832,-0.00539609224912586
457,-0.0277704545439731,0.807518481026327,-0.517857569871332
458,1.07659412133997,-0.712459779381985,-0.125308721158536
459,0.347421715383446,0.166753033153312,0.832237989618638
460,-0.176385512933009,1.95517103034396,1.91458122783776
461,1.74860374109294,0.118436021120659,-0.468118005603396
462,-0.602972000351263,0.176604078357552,-1.17162618667776
463,-1.29194784182434,0.220472500041417,-0.311606363994251
464,-2.04657061825514,-1.58353451856861,0.791489078198622
465,-1.53250795290934,-0.323877998439745,-1.23237120403795
466,0.97281210196731,0.603520686393845,0.820734909752145
467,0.0466049227835533,1.08880205846352,-1.36445428469072
468,-0.111564012276334,0.314306646509713,0.813801567748396
469,0.270688985302909,-0.900980336886269,-0.718509801567865
470,-1.71578989946929,1.87588882674167,0.876174092378265
471,0.99568910783571,0.213491540791571,-0.879230701468228
472,0.461016078821468,2.72468261594575,1.13767009802618
473,-0.399190335698979,1.08655856460712,0.133686747172491
474,0.334435858178558,-1.6726627384964,-0.951908446699122
475,-0.138328957802842,-0.488689018588645,-0.415235715730783
476,0.205672192564,-1.41148432503625,-1.13950392038147
477,0.0734763784631438,0.494609894839162,-2.41188098607392
478,2.46691140383296,0.242697177887843,1.61793134328677
479,-1.20409254776936,-2.37141239600932,-0.849382556864712
480,-1.60669877372679,0.465824346011445,1.85173377003742
481,-0.902016902840774,0.0556931214849812,0.950859257880012
482,1.30030455071246,0.765762705185491,-0.204433972415709
483,-1.57323023448715,2.18106713967144,-0.407334761864097
484,-1.60562381278309,0.875472916444289,0.994228397648631
485,0.896906749882227,1.01743662855308,-0.23888508947895
486,-0.445728709574457,-0.476844712209787,-0.631010308673126
487,-1.67938347950169,0.0941698184937878,0.884928520439321
488,-1.14171248624684,-2.32204497529926,-0.540044272507498
489,-1.0701235476002,0.732947071441428,-0.404790196507003
490,-0.442771255976419,-2.07435985064115,-1.40811538257166
491,-0.505011042656335,0.713878342440818,3.17735474356531
492,-1.40975886582142,-0.759292204084979,0.764164058180862
493,0.472153409955933,0.837936619023377,-0.575366509427915
494,1.58643659741596,1.37929098286909,-1.65346948675007
495,0.21383886361519,-0.290379479017946,-0.733496314690518
496,-2.29511327804801,1.25135070620783,0.217635215578189
497,1.11053958777595,1.48670845792733,-0.710497600922964
498,0.642623063498809,0.208924205762749,0.386522625107528
499,1.0548470364796,-0.239402624934918,0.632069619432263
500,-2.39265297326568,0.82352291458135,0.0281563613682077
501,-0.57616245464149,0.778841866809698,0.466105416315057
502,0.325783329868989,0.0871756328767583,-0.0248664824236546
503,-0.319837054513609,-0.666502157609393,-2.28325582731803
504,0.410484514111597,0.259437221835893,-1.06672075534097
505,1.4493802873029,-0.1248644021972,0.298239396597608
506,-0.437132051212941,0.926083397081702,-0.285123596593894
507,-0.583807260347606,1.03850753677179,-0.20760826281765
508,-0.389821608087215,0.405581638890459,0.158600678460785
509,1.59848366415455,1.40630776445487,2.02420524017661
510,0.688823948252137,-0.350211354592459,0.381040794363441
511,1.01252649029539,-0.724226011542294,-1.04126214329785
512,-0.58100209510829,1.28367278235497,-0.834369381797084
513,-0.307362281017931,-0.0323807637650571,-0.486815781549721
514,1.44208255170612,-0.273948473366044,2.64800977040757
515,1.03051652022373,0.982170422706895,-1.20449128687782
516,-0.623571343968812,-0.245035132268013,-1.99278322493335
517,0.411768780461743,0.417046856169162,-0.0790692590014884
518,-1.36976945885517,-1.77903629348995,-1.70663049865557
519,0.649729002655463,0.521040626361774,-0.208710815842989
520,-1.39917536193813,-0.550445552983226,-0.889418486781361
521,-0.527200024543117,-0.736713681180988,-1.93200896102969
522,0.159325988664765,-1.22751307503388,-0.321031101579759
523,-0.336439675405848,0.176322373050899,0.164149065603994
524,2.60156841419971,-0.814728944605738,0.615412461468508
525,1.10263209170042,0.469453211885429,1.12914863723478
526,0.57924265606227,0.321798042217602,0.155652201146309
527,1.00745101519944,-0.277696917185777,-0.381588271673976
528,-1.05191882764875,0.119256465883192,-1.19560487813151
529,0.0540779254523717,0.922742759544573,0.499879075172882
530,0.208322950849261,-1.70445896742336,-0.616360596442003
531,-0.0538852806717599,-0.708282916932596,-2.26453801680891
532,0.00426871959389271,0.432765851284375,0.621556171768587
533,-0.358830519482698,0.048615324637998,-1.32932988019635
534,-0.61148492970886,-2.3375262262685,-1.09851775537192
535,0.675719464023543,0.700407160096018,1.28404912390793
536,-0.0526012468250158,-1.18430552566428,1.29593909972057
537,-0.723539264748403,-1.89222798141347,-0.490965310974821
538,0.735570858944785,-1.83757938650866,0.273193843441815
539,-0.854068862197922,-0.758658727238824,-1.5966254078693
540,-0.967973894049123,-1.02579312978251,7.28704308787761e-4
541,-0.0619544063172601,-0.758494127591554,2.05488862480729
542,0.184856958125673,-0.518979462845977,0.197750943126719
543,1.14709314596265,0.297993500487678,0.152333396442486
544,-1.05457354127277,-0.917657657784624,0.422391368815527
545,-1.86486939466851,0.249941922470873,-0.714486641552319
546,-0.422643976935666,-0.257863193533881,-0.552679721541098
547,0.26126350788409,-2.3375753444739,0.364519868467501
548,1.03427006595606,-0.456396839867359,0.152116930743359
549,-0.532909877056471,0.558477836099259,1.15578213416956
550,0.192155966625367,-0.517225336800714,0.386599009831607
551,1.06964480326743,0.490363373048765,-1.57176930798869
552,-0.869989544569803,0.0366906395147096,1.24493301622864
553,-0.469581349193041,0.769394712036874,-0.247802245932982
554,0.164133720177567,-0.184985344530733,-0.264979721622438
555,0.490406964257915,1.94325416212724,0.21206862772747
556,-0.630614746865149,-0.134984075973537,0.756767702736083
557,0.982999596460892,-1.20574444719299,-0.181186218248215
558,-1.7595633695672,1.94710045819092,-0.153607298433661
559,0.0102941289702391,1.99285544151983,2.01094126457017
560,0.495458893776724,0.212449928236519,-0.917686491684347
561,-0.329300940689827,0.101810271227773,0.303782898672101
562,-0.723289766300765,-0.284718129388191,-0.128763373296572
563,-0.899863979509341,-0.468422729655878,-0.817055232226862
564,0.857014146995846,-0.155472280639451,-2.02824013745204
565,0.47955736155545,-1.26166445192453,-0.80082194073713
566,0.683196067078403,2.76618698776533,-1.95969457982476
567,0.0528930189799459,0.647229230285924,0.584268921456782
568,-0.532019450040674,1.0080403614715,2.49009800645613
569,0.522533636509041,1.06659788636646,-0.216042667800573
570,0.109548869916902,-0.538954230397109,1.83354408457168
571,1.15154305242337,0.859936216596915,0.0745932674807832
572,0.170096598377019,-0.0245620348777561,0.40198353673923
573,0.0913136836338276,1.08074402217838,-0.01118060467952
574,-0.976669420059893,1.04111991224695,0.141913660874519
575,-1.06106939044116,1.61030610074487,0.500518293475127
576,0.357982779771275,0.541915719866538,0.678538783090262
577,1.023322525359,-0.467904653590587,1.02839323755938
578,-0.193349700118456,-0.670797683096463,0.675741556600986
579,1.13804659311823,-0.367276152292522,0.332081213052131
580,2.68932230042219,0.485376483849242,-0.75556987084767
581,0.292048790730029,-2.53345268069252,-0.0581839466325206
582,-0.41345094759222,-1.3056022708675,-1.1584963917034
583,-0.736090569732271,0.802013801200713,0.664329995331367
584,0.99689910913862,0.201466483203659,-1.05079062620656
585,0.847523387195376,0.82515827192481,-0.108784113813239
586,-0.510498164302873,1.02492996851401,-1.44089278504325
587,-0.339681256448228,0.236246699845579,-1.62842299316049
588,-0.830893631529847,-0.748643586908684,0.838378616551002
589,-1.42403804662536,-0.549627793194339,1.74074948534815
590,0.985867143089174,-1.99878907454697,0.662522705173259
591,0.433539266260815,1.01949329082551,-1.90313430089969
592,0.256304394218851,0.66366445162316,-1.01869467264614
593,1.68747183434,-1.10563530636642,0.663103097888597
594,-1.7743189225314,-0.179208940838404,-2.64242136623183
595,-0.864063315032373,0.807072947182136,0.422576880613828
596,0.119935952791789,1.22010081790363,-0.479823687926196
597,0.115433651098238,-1.118471104818,-0.612409018197409
598,1.82430675672002,0.372749338138825,1.34699397796228
599,-0.497164248590846,1.27702504460746,-1.13050455778271
600,-0.155726563898449,-0.515961833506677,-1.0106639651816
601,-1.08964799574588,-1.08105075772453,-0.231435226902191
602,1.16353880519325,0.582309590651924,-0.432223382656918
603,-1.20840974427434,-0.737093802348578,0.585100239777247
604,1.18325887359295,2.88391937288767,2.14464114311514
605,0.599332573448473,0.980025494681753,-0.18294930073082
606,-2.53118226939929,-1.85285582248206,-0.212026951911588
607,-1.13867785925458,0.389361169485005,0.656802624649008
608,0.775786862160064,-0.855267213345875,0.798352906432589
609,-0.380082985438372,-0.579067181902717,-0.731709239634114
610,0.62606190186339,-0.0268861818322228,0.791922143437875
611,-0.287082124176794,0.46070129641379,1.2545714438678
612,-0.29742171453328,-0.812207224779486,0.304434878998755
613,-2.49008156318282,0.113123096159988,-1.26711331154187
614,-1.28722047742293,1.20648188227465,-0.158508304974501
615,-0.0902655700438083,-0.785028852111234,-0.198541047424399
616,-0.0448710009339689,-1.12128671569494,-0.0907059332393685
617,0.212220695956864,0.289899119485764,-0.649932577639293
618,-0.923662757328748,-0.57708465447508706,-0.899399427713139
619,0.548698518208316,1.35058854802102,-0.169472903588587
620,0.654566142239686,0.441026210058256,0.635366505024224
621,-0.00537172184588968,-0.299182031884768,-0.323786399228241
622,-0.210370226502604,-1.06441983406544,-0.192109505632977
623,-2.04213477478844,2.46702358025318,-0.16384888373972
624,-0.360576160550417,1.90084358165487,0.334822520520222
625,-0.102025623869731,-0.637052906326248,-1.02925810015566
626,-0.327068599474427,0.938709818144905,-0.894864531417276
627,-1.36729927615962,1.13482462423114,0.185255413300876
628,-0.387094575806942,-0.110888328813232,0.324113360522984
629,0.0114042368913747,1.12271872585035,0.182561178082315
630,-0.964351798998138,1.7863911851799401,-1.36332544011009
631,0.326291128198115,1.09771935722798,-0.523638678072898
632,-0.0285053462034624,-1.07502086895493,0.655224808879674
633,-1.38092117583051,-1.44484105165797,1.01182320490887
634,0.136597514564262,-0.965711730269656,-0.394653615667026
635,1.57048887692996,0.589306653740408,0.522681328856575
636,-2.29440451334899,0.655862857961609,-0.259872754755457
637,0.466203109694245,-0.3103593764311,-0.772235594787314
638,0.569019663899048,-0.485043911229919,-0.745741676847778
639,-0.20843085652847,0.378575541018014,-0.719003560071854
640,1.44216772538602,0.264730298961934,-0.600176279416313
641,0.234024069452916,0.263771996230682,1.63311164858197
642,-0.297898523374799,0.158100936018634,-2.31670053529729
643,1.05755640552645,-0.0754743313029113,-0.106167552770318
644,1.18303751154335,0.567286085907195,-0.199977466121728
645,0.381042026865211,1.01731765333923,-0.91195473907151
646,-0.36748276077079,-0.23177303168268,-0.0178294014326526
647,-0.123621245614266,0.0854542015042639,0.450157592189016
648,1.57332641858982,0.0401472902147709,-0.613335977153267
649,-0.0356107050639369,-1.80177172641771,-0.487589045392138
650,-1.20500552465625,-0.127514005304776,0.844407401351534
651,-0.836274919618694,-0.291398003046466,-0.982151447769268
652,1.82212972942137,-0.0303015237308694,0.228939802350559
653,1.50115900307565,-0.0222405218689332,0.489970624000666
654,0.702740892993094,-0.631256390686306,1.32609084232104
655,-0.183226798303893,-0.928070323737959,-1.56506274457008
656,-0.208346670453729,-0.768019168550156,-0.767209097138044
657,0.12613212822973,0.258258133992224,-0.672754316985712
658,1.43623115460784,0.950820347181331,-0.90270156203502006
659,-1.02165983590697,-0.915351576844093,0.657656846321686
660,0.633171862332547,0.870206935350297,-0.615129718883529
661,0.314406706606028,-0.439465609050578,-0.533921603357542
662,-0.0846659046557032,0.765326778582227,0.471704772617874
663,0.764732154884425,-1.10067583691646,1.9540112094078
664,-0.208629024507277,-0.402994606726181,-1.3317630559003
665,-0.501526332682072,0.140383084216755,0.686649826357308
666,0.183938512094463,-1.34400735146386,0.879588268153535
667,0.138591277440574,0.712704848252309,0.29052488660256
668,-0.317510460587082,-0.587017291319481,-0.327818852743854
669,0.972657492189569,1.03304671499362,-1.25612239422577
670,-0.308852129122468,-0.657299538681931,1.04626130217007
671,0.466587277743098,-0.996109944559455,-0.888676212413681
672,-0.0980136729422299,-1.35349284124679,-0.641263799849423
673,0.494652059426803,-1.2380458354464,-0.791385632867301
674,0.742047384794382,0.264797262674075,-0.148699823476282
675,-0.173483585541454,0.713182826190076,-0.0978076888532428
676,-0.648501631378886,-0.710780719966441,-0.84447236747289
677,-0.501372123850312,-0.776701347580414,0.505638415246767
678,-0.501502598056171,0.354568850279185,-0.760523431644669
679,-1.03306602708053,-0.71264734422666,0.155219483227341
680,-0.42363698296079,-0.0490269458342167,1.12140504914064
681,-2.00648529108412,-1.43581825352182,2.52072196192162
682,-0.635762335767879,-0.132607426283121,-0.693344131852962
683,0.66913115799943,-0.367325343956035,-1.77505641539398
684,0.204970376655615,-0.332526728506285,-0.475474131541915
685,-1.44078889885798,1.58552670925418,-0.127840655492136
686,0.0292181284447155,-2.24622510446114,1.24455415616986
687,-0.300715218689043,-1.05656958368277,-1.39118629618576
688,0.627686714849805,-1.8677027737142,0.0285789535881422
689,0.0421357675004481,-0.353024924891727,0.39344959103333
690,0.0742494147759029,0.753059273977226,-0.406028675537668
691,1.0819179635204,0.639728885887786,0.965207463520941
692,0.508828752939274,-0.221358769969889,0.757238486926271
693,0.477121683407529,0.50925285246419,1.05366480604754
694,-0.413190247029488,0.567610175216987,-0.176488762346662
695,1.53138536740336,2.10470681366834,0.43539949477467
696,0.0610669137860934,-0.518760201346316,0.938848137363697
697,-0.415461585358535,0.955361469541984,-2.44537635898733
698,-1.15432195566038,1.07547721391587,0.812896050011695
699,-0.718545880904859,-1.68646618117315,1.2463083964377
700,-1.65567836791669,1.35906036127512,0.310785629350214
701,-1.78089206885096,-0.61955855147357,0.368575418521687
702,1.77326100333736,1.9503674971531,0.479037876782875
703,-1.65966633658373,1.35036185511621,-0.849945683880083
704,0.74120840198037,0.094096660944384,1.29834499642605
705,0.755405305107264,1.26787948155219,-0.455514165808506
706,0.350306393686331,0.516309920018685,0.63470169867552
707,-0.808748836982439,-1.9932604969939,-1.60374591527422
708,0.145996373318414,0.603821341696073,0.491370538118649
709,-1.79029355016452,-0.180210894537452,-0.0332083493340508
710,-0.941800809688553,-0.860430692546247,0.522764042937466
711,0.817517936264425,0.147077746183937,-0.679085455305491
712,0.0129634228237903,-1.20201936156106,1.63473579139728
713,0.313457771478661,0.170658109222204,1.28354986937834
714,0.978617343105666,-1.33059706858587,-0.180280542196744
715,0.943612397910845,-0.580264518932499,-0.719760531056229
716,0.614188008045418,0.250401622435047,-0.301474454615078
717,0.686526967862474,-0.939973393246132,1.32870182189983
718,0.467993560939235,2.3277869202478,1.50058125251687
719,-1.37038895785329,0.178349300042197,0.592747946734533
720,0.662787365603267,2.0576308513341,0.372087518707989
721,0.124170038648781,0.0209136337393407,1.35541973061111
722,0.0368886827139324,-0.573379482004811,1.25549995055378
723,-0.169913387611822,0.75034587268227,0.239910654645525
724,1.10539870196068,-0.785671288020524,-0.126686278249254
725,1.27574007424955,-1.45170115490549,-0.166121723937741
726,1.98778796340542,-2.073826452053,-0.532916129974874
727,-0.596372210096408,-0.0570680315054542,-0.698722184140731
728,-1.13809629883425,0.0059835135769581,0.594318456329618
729,1.3038670804379,-0.849697693045441,-0.262449167155111
730,0.616951725904544,-0.55131205813178,0.29610507798964403
731,-1.05259937967472,0.611111546111617,0.597063978849285
732,-0.655856270854579,-0.89819494678515,1.52168317380161
733,0.721085759616686,0.221668771263181,-0.411237160277019
734,0.416453143077875,-1.65003558952463,0.473529046036961
735,-0.665981354083433,0.177066473646776,1.00901274715346
736,-0.461793644454284,-0.251723777286729,-0.956216155672698
737,2.94789383800711,0.2581246627022,-0.663867023505806
738,0.130699908931824,-0.0984878431921177,-0.932440857662753
739,-0.186628154090707,1.62022395176725,-2.39579339542794
740,-0.161356518764356,-1.45979950829909,-0.0933345546306275
741,-0.292526674263891,-0.32982998490095,0.354485896421406
742,-1.68565374208041,-0.0603137784265439,-0.0560885463703429
743,0.793199839403516,-0.990428215256595,-0.113911907743358
744,-0.0848190529806415,0.852903377716437,-0.459855098556914
745,-0.0961838730286361,1.01518769316299,-0.707905865272691
746,0.0923814954958228,-0.626950144374937,-1.40502297018924
747,-1.43311270187771,-1.27653299929066,-0.622155559944682
748,1.93709169003408,1.09853115702333,-0.302088622895211
749,0.354197083574696,0.412986520753286,0.976020682738598
750,-0.817202525921076,-0.858923432358749,0.089932217923562
751,1.57943254556527,2.70409006941881,1.17910719184404
752,0.294011729925541,1.79699712647335,0.982252804965274
753,-1.25741366948863,-0.33037972831774,-0.422038896142366
754,-0.0164271479487704,0.304109287160576,-0.456861440494315
755,1.46274779884283,-0.625696617041367,-0.0831661778989131
756,0.849458588501807,-0.918652511629696,1.17754036947691
757,0.430713436344565,0.193183169937964,0.104921218510845
758,0.373585418254135,-1.88901092975004,0.393147716348993
759,-2.40221282936691,-1.20123241964491,1.59786362239594
760,-0.798536896787156,1.18396930224194,-2.07313877678123
761,-0.0968639532939893,-0.514477394201585,-0.429898556948737
762,1.94367418410037,0.119865504239135,-0.520577408728282
763,-0.100402686445119,0.359606754529422,0.487832059032404
764,-0.876845188010441,0.105590250297035,0.350850249216743
765,-0.813094857391173,-0.119202259180994,-0.133375695059932
766,0.164313203617661,0.0655599823466693,0.580094911303339
767,1.49418977736525,-2.26351628584964,-0.592531652462015
768,0.291262544677949,0.875240602428662,1.1824712657379
769,0.270849404762496,2.36862950663027,-0.0248611150429977
770,-0.0530462818787231,-1.53764811060662,-0.325257923068975
771,-0.448386293265737,0.685951271700117,-1.33844016808882
772,0.164561929250523,2.35307884128504,-0.219263250976553
773,0.8933338417308,0.0362630608401046,-1.17069346879426
774,-0.62477056417957,0.0787468307032854,-0.374989245105713
775,-2.71764512608469,1.54730769775593,0.940701608037923
776,0.0570033678896722,1.63474669543198,-0.295076752643616
777,-0.635096249515508,-0.513445727027079,0.241749069433417
778,-0.728009832513704,2.50763786815474,-0.208597397690907
779,-1.70059516113749,-1.49807620881535,0.111912904834104
780,-1.41150937898535,-0.618152274645498,-1.80680089265606
781,0.633938154823598,0.737079609074027,-0.502309564274148
782,0.428311744960318,-0.519457967070319,1.06259414083464
783,-0.719166761862724,1.4560233713834,0.00221664783162082
784,-0.23842144985259,-0.107849438221457,0.651070333180737
785,-0.867148410566977,-0.328939954084381,1.21556032036865
786,1.3993537806382,0.436503717183683,0.782439546641363
787,-0.455026910743095,-0.303673508616455,-0.776720863263168
788,-1.58003957948836,-0.549640707448439,-1.35274405901969
789,0.665534545753668,-0.862738270818667,0.585330332707658
790,-0.524612878082338,-1.06789719258741,-2.50728308586902
791,0.496790259092829,0.180881130174285,-0.675769863449792
792,0.315520157230372,0.766747325769581,0.782439248752033
793,0.295522895718424,0.785958710145699,0.0247713207266361
794,-0.231959001460104,-1.45345509572342,0.88795048579022
795,-0.232978620951816,0.0388935873087684,-0.961094327165145
796,1.22007242819882,-1.36811670802142,1.46331989875887
797,-0.835166865288695,-0.773877431573712,-0.0486307114466756
798,1.55026674210818,0.296465154161888,0.409990244514099
799,-0.752966077346643,-1.34713993827972,-0.303177783431272
800,-1.03763122628618,-0.19797031240882,1.55866685917992
801,-0.36219172020485,-1.55734817974887,1.97870593687435
802,-0.202164451959719,1.33705484342194,1.05523330008711
803,-0.569578869008128,1.38413158250497,-0.88207731778032
804,1.73563255693071,-1.17803608382632,0.252958380284899
805,-0.613529941657979,-0.173047825937256,0.152119233109967
806,-0.0126469409451024,-1.18455480419959,-0.340621756206326
807,-2.44329872309699,-1.00208901886483,1.88109563599981
808,-1.0885244852618,-1.79246778412555,-0.230443374577092
809,0.23786583111956,1.63661812513452,-0.533394422185102
810,-0.914061106331338,0.347045366012376,1.63145586222119
811,-0.150743853102748,0.110399852133906,1.77923863792168
812,-0.597523907040919,0.45142368801968,2.1480342694159
813,0.0857728227030721,-0.0639209865354015,-0.389838816784111
814,-1.18541989245564,0.19799907679117,0.0328096459045323
815,0.174548404480997,0.29160965698063,-0.529444437747384
816,-0.716420071455747,-0.131997539537777,2.2675944182304
817,-1.14639403244501,3.32030960702084,0.0288101939672021
818,0.535557762047401,0.03794922014285,-0.148332069260441
819,0.0839633078565434,-0.336664362568004,-0.232623052368083
820,0.589142274356735,1.49136576772551,1.32925319267503
821,-0.185034734510549,0.741968771222086,-0.530032855698239
822,0.51386496218534,2.36704108339095,0.506768964018469
823,-0.749835837235945,1.00458395847335,1.1796376200862
824,-1.63546827555041,0.32149369308174103,-0.406331690855728
825,-0.893024890880857,-1.25808831441841,-0.355987663238258
826,0.579754929889807,0.0800432577673153,-1.20783805700253
827,-0.209815067079715,1.10333666869198,-0.140693676974918
828,0.352632508834382,0.0519624150408493,1.54256591943336
829,-1.4130721239769,-0.441100359499719,-0.279174328312508
830,-0.475310035029492,0.786794696748517,1.46810483779577
831,0.252925362039281,-0.485978294317578,1.10569539090997
832,1.00400076000083,0.234720187560902,-0.893806306180657
833,0.652353877873823,0.950529796058613,1.22278340037305
834,-0.0956523940256377,0.694968795927242,0.128370457371387
835,0.33485160383276,-0.383844774539921,-0.224988870322041
836,0.97208233126173,-0.795227273039078,-0.242626380051178
837,0.0613172987339024,-1.61279062965393,1.47506562467573
838,-1.36742878964305,0.352687050478562,-1.35460540423159
839,-0.448711945868031,0.850209131122564,-1.89525121033092
840,2.95046252505607,0.120224761165445,2.16198557733998
841,-0.205610909274075,0.821514751175429,0.654816509170696
842,0.594320256738188,-0.138375259837949,-0.0864424765168317
843,-0.176609001972654,1.17685372768086,-0.738044913800943
844,-0.934805596784584,-0.735270688210633,-1.18672574190218
845,-1.58685769042757,-0.918067987193182,0.674921871285162
846,2.13191649022266,-0.570451869879047,1.25285683835693
847,0.911029325985389,1.63993162664415,1.26068973814536
848,-0.83810886133815,-0.757506045050572,-0.0363321923478285
849,0.524444033523101,-0.82507227485049,0.827118655205714
850,-1.1676042272511,0.067260564730719,-0.864473253570186
851,1.14062210673371,0.503878126421457,0.207808266877947
852,-0.10831782514787,-2.31368418936711,0.04540194377154
853,-0.741801654540664,2.16034562823692,-0.202840846399019
854,-0.482695386043371,-0.375852145631656,0.843362066359547
855,0.145813241964252,-0.619452381458956,0.193977229784678
856,-0.489641343138111,-0.0891975762368453,0.996268270423406
857,-0.909124777742298,-1.28448637343256,-0.963117233983896
858,-0.59547045804589,-0.602485785086444,-0.409740056582779
859,0.968792555388843,0.112592531819836,-0.337734286007384
860,0.231903001060926,0.348421482115877,-0.00110922205430602
861,1.54136493902945,-0.947885277639042,-0.0601028675042026
862,0.705588438752492,0.0406793868594556,-0.812572125035034
863,-0.0804846806610051,0.801744251690113,-0.559342813604958
864,-0.877984340383535,-0.520811418901592,0.566822339573508
865,1.9971719293391,0.260776089022982,-0.721753648302156
866,-0.193663510332461,-1.05710174014149,-0.0643321269024511
867,1.1465033833174,1.07579693496984,-1.2656177932225
868,0.148046023849049,0.689617175798963,-1.5511916549486
869,-0.147144853692896,-0.666425819345361,-1.62096494106327
870,-0.0894040885002189,0.405482108261396,-0.679304487634122
871,-2.19438494640345,-2.06135216327588,0.117777428667574
872,-0.25368282500559,-0.610034947941559,0.947037952839831
873,0.595383886107714,-0.234473985992878,-0.521914356503451
874,-0.272635838722254,-0.0112092250797638,-0.624857562481043
875,0.131515801105488,0.44750125328706,-1.88194426298766
876,0.827435654338926,-0.636002396256895,0.117829838242339
877,1.13665874673727,1.04996758682967,1.32995039612859
878,0.377281110426841,-1.70431333505072,-1.28934223368124
879,1.05993734039733,0.104990143818868,-0.442641265427231
880,-1.81138224654422,-0.468281845068201,-0.242448454691905
881,-1.83443950962851,1.31082057974448,-0.551334730828021
882,0.889647851126513,-2.16753299790431,-0.353370797586339
883,0.17305647661345,1.35888313048284,0.854406245756402
884,0.0393856572495339,-0.318648764128987,0.464724655477596
885,0.942944697160796,1.82758282405181,-0.810701304496702
886,0.678924575949661,0.617043553078797,2.98809596612098
887,-1.47982061221419,-0.332213595501295,0.0493145350033739
888,-0.0733053753441717,-0.735255850188842,-0.365395291255943
889,-0.994052570089846,0.660890509181176,0.339598934912876
890,0.543278150046469,1.56967902455236,-0.191307181327691
891,-1.24808622446533,-1.34453894893557,-0.181073896986114
892,-0.0869489539979104,0.340361987670606,-0.700566433584647
893,0.765474389607663,-2.43020575557531,1.72834700074452
894,-1.71434808746442,0.136136918685617,1.7469800796151
895,0.989900763499743,1.79571090251848,0.017306844559625
896,0.588637152102652,0.682666785783238,0.573414802390967
897,1.01759450410836,-0.96889162633934,0.171391972790048
898,-0.0659281231060531,1.23236760444398,2.05308911893104
899,0.516390931845158,0.188639714487626,-1.03126862266836
900,-1.63202625429439,1.22263327566386,-1.1993133955652
901,0.0729484141533329,1.53856242595788,0.647105991368095
902,1.16600830202196,-1.17786333733337,0.482380282893609
903,0.823868893749965,-0.896579237096046,-0.153997571385342
904,0.494641985254142,0.879935816033255,0.0302082313167467
905,-0.48531012667661,0.154362312153352,-1.46817007114111
906,-0.991216176260273,-0.505414212200965,0.174780881895278
907,-0.203253741548207,-1.37189403834553,0.473506469429989
908,-0.477818287760104,-1.08343940888968,-0.242442566025977
909,-0.0951808779146801,-0.835020592642369,0.0298719858837454
910,-1.61662528943114,-0.231128679023677,1.0411985852364
911,-0.149204269809015,-0.773214588691591,0.77432665496863
912,-1.74056563907451,0.689009193475482,-0.402431441412717
913,-1.77883010571485,1.27090422076111,0.683717159099282
914,-0.695642170000248,1.12736159995201,-1.56764014113398
915,0.0351577899898104,0.460472274754673,-0.643753992616637
916,0.352921463673854,-1.74732821371107,1.34413083605239
917,-0.184309143320911,1.35308843159432,-0.843658765285769
918,-0.351757445419108,1.1821078048912,0.527263269740796
919,-0.101035731226097,0.0989990198485449,-0.610851360312748
920,-0.0793174661785861,0.608402056915928,0.0916006886080221
921,-1.42536944180034,-1.76129034265339,1.1772946966646
922,-0.547262767512833,1.79706531648433,1.48683818219672
923,1.38562111512551,-0.749919063374574,0.81135380523378
924,-1.63362086572447,0.281801996636217,-1.67839009216794
925,1.37581799318214,-0.2927533545153,1.59813462732315
926,-0.934298827999769,-0.137708823314107,-0.163932295014673
927,-0.31844915361843,-0.866109408773052,1.77156165411312
928,1.44010289809394,-0.566749075979041,0.674330916487614
929,-1.14368887312963,1.13762249626309,-1.9287750489606
930,-0.168902990087066,-0.72679037040111,-0.471694141466536
931,1.18509639239095,0.219670680433379,0.536694262930981
932,-1.55401315496448,-0.687287829292559,0.192226246015685
933,-2.30822267481962,-0.813394748896463,-0.688489631240518
934,1.14949487404412,0.842800906158478,0.492973455338915
935,0.719230716306682,1.50674242647862,-1.30903429523845
936,0.232862363163357,-0.82404932033661,-0.974833133856349
937,0.131751543299756,-0.917321742861265,1.94606873019422
938,-0.523013697619849,-0.313230138046555,-1.08524252228361
939,-2.37183137028775,0.572832819218156,-0.538182620183699
940,-1.19999452314389,-0.254752379413345,0.206355961125839
941,-0.62742253286871,0.913328517124316,-1.26148720608174
942,-0.385899973232484,-0.520367795312369,-0.611639105802332
943,-1.52990080453659,-1.43215702384422,-0.301653683180816
944,1.38423514546414,1.22405352589439,-0.405689303131053
945,-0.0808726364566402,0.229123487262357,0.0263867121001083
946,0.861624948373479,-0.714485605125749,-0.30875059057975
947,-2.12693460451392,0.3832718464328,-0.234295863729628
948,0.00227058491710309,-0.116335589735268,0.545536547083704
949,-0.0978658116445957,0.361919916251469,-1.06925447101988
950,0.428329494140991,-1.48805327134472,-0.6726896016965
951,-0.669854513043576,0.728126931611022,0.0831872387415679
952,-0.0428391728068221,0.00472171139241967,-0.77530074835833
953,-0.525597516350626,2.15710921047037,-0.520842092933054
954,-0.577087658221086,2.18880935836329,-0.0246313239218479
955,-2.46430341383825,-0.206760939419547,2.04449016493075
956,-0.454349969900637,0.215822900120393,-0.126938971062171
957,-0.535385586768884,1.14101157241278,-0.528812308064585
958,-0.462804542295539,-0.838049579175202,1.91622173908346
959,-0.174975811325756,-0.677655934031962,1.28627581603874
960,0.834520543234117,0.175451180820595,1.21108869922411
961,-1.33473983208022,-1.18102987805265,-0.133386636264938
962,-0.23342673468107,1.71101847103212,-0.891108465453445
963,0.271102666701598,1.15934089091082,0.966933714231669
964,-0.55175633587979,0.786989265837127,-1.29360656468163
965,-0.174438000995708,0.419337248682799,0.230381891240586
966,0.234940051923922,0.375515410203794,1.48696414943691
967,2.22391433162374,-0.594557425504377,-0.407926266127451
968,-1.37644858834011,2.06631259897753,-0.241305402786647
969,-1.7317674468624,0.858822822799376,-1.2301989973699201
970,0.394037862712058,1.24723160857114,0.851778361019182
971,-1.34699176696771,0.153662646753268,-0.330890693582129
972,1.6303187420169,1.94049934946749,-0.458295452910934
973,-0.770065216037125,0.0270912806540648,-0.514356268722439
974,0.629965425827172,-0.666360729652469,1.92120752987051
975,0.883776901638301,0.4878622000152,0.367734543485803
976,0.297311645687385,-0.19978373250897,-0.0140800950569067
977,1.55190500255,1.01985059828058,0.779548653451115
978,-0.168087140345567,1.05196306425113,0.437210899446957
979,1.31432061933955,0.33296479601355,-0.707721106396865
980,0.168759505154237,-0.165649318111714,-0.62744629877452
981,-0.38682426021612,-0.567204841346436,0.26697913285881
982,1.20458332823783,-0.896454762627611,-0.413379701431968
983,-1.90788394493855,0.314477797174542,0.0555973833828406
984,1.89474243591462,-1.11590029966298,1.20236588756993
985,0.744957040497243,-0.0815208841477774,1.15822848181983
986,-0.124258956209988,1.04540685592962,-0.25821708277577
987,0.0477693290730653,1.23812620561725,-1.32021968897324
988,-0.499223219609291,0.390212870317929,-0.07502799267288
989,0.370969002139073,-0.30518601902205,-1.95383842019454
990,1.08922069729634,2.22649463473937,1.02037197461112
991,2.13663767615302,-0.818675822908292,-0.0503126351372097
992,0.266546249641099,0.784521133711148,0.0308012305863347
993,-1.54073256642544,0.454899526239255,0.614127017242239
994,-0.295811128331644,0.680590784605271,0.119569642251934
995,-0.13454043983966,0.255122667498751,0.962521991260872
996,0.459875255730563,0.105542421455135,0.472025621784726
997,-0.0530244410995821,-1.5106884123395,-0.755273122984102
998,1.15027402080984,0.438405165388638,2.9157627190824
999,-0.777460476875762,-0.270276339295525,-0.589657224905483
1000,2.24188179318639,0.818663238796256,0.150761569531213
1001,0.016497204685529,0.922539393681048,-0.703978801527261
1002,-2.2301481834009,0.7811072954255,-0.228119827113401
1003,0.487347130558525,0.750626679955065,3.36393025521693
1004,-1.28421461196157,1.99873594806114,1.9045876343871
1005,-0.699473439134294,2.31039314834022,-0.738458375548448
1006,-0.902972543723965,0.360904283058343,-0.870565583611236
1007,-0.733496963635374,1.03869860360513,-0.319388916929107
1008,-0.62976716037692,0.162156343088198,-1.36010532724211
1009,-0.546264595541242,-1.09788335349083,1.53709329699664
1010,0.133873378493024,-0.92757373378637,-0.2304597225298
1011,-2.09937260223687,-1.53822424324949,0.480846722354303
1012,1.0278273128524,1.22812018526268,1.40716775569192
1013,-1.12470356783569,1.36090052136142,-0.184412545999368
1014,1.70281915384837,-0.4062004991346,1.12111985939971
1015,1.43269232498188,0.0876824510416042,1.3129687669467
1016,-0.718208157290347,-0.717607886105423,-0.108680373780012
1017,0.584231248533377,-0.658315320624935,-0.211281282630644
1018,-1.28100093994364,-1.16502713395286,-0.458347536821851
1019,-0.459601733908248,0.463502775813935,0.656221772438327
1020,-0.661351590951682,-0.741614997040889,0.115488400928371
1021,-1.01690335950122,0.452876188226062,-2.44929063773317
1022,-1.06700597074386,0.44066453910277,-1.91483698997734
1023,0.776851758122526,-0.448327117910761,-2.02452416782068
1024,-2.0930830732308,-1.31117783801343,0.393840361597859
1025,-1.69661284624629,0.328414043547908,-0.468108950512504
1026,0.0359319787422524,-1.73409013783756,0.176515595691499
1027,0.538139722154659,-0.767941987611993,1.82752867546835
1028,-0.886224413581792,1.03609107439334,-0.59320198411522
1029,-3.19448403208808,0.686524962540606,-0.566180495916288
1030,0.502764481359619,0.838195976578489,-0.710951913794647
1031,0.0864218495196579,1.18768357584114,0.660934645215246
1032,-0.220550111070368,-0.386435756161237,0.734094402432447
1033,-0.751282167562042,0.0506087212691787,1.09713042223009
1034,0.660112796437008,-0.740183051476585,-0.320846522744158
1035,-0.431107819447238,-1.12066690456282,-0.494793968451997
1036,1.28061792454873,-2.09739829131893,-0.247467511649384
1037,0.0600384424034378,0.532172911844858,0.523721204350889
1038,-1.64593958883948,-0.471071471720652,-0.843284359796207
1039,0.615500707697468,-0.0685439129212097,-0.940984816394238
1040,1.27852259747984,1.92077834639094,2.62264520234933
1041,-0.927895896863712,0.356170620373176,2.08567950199703
1042,-0.451650606048403,-0.422602444417392,0.916281938716456
1043,-0.00580117836732378,-1.39622769137837,-0.598569040315944
1044,0.2910202538896,-0.0695596379285963,0.499748168626659
1045,0.19501693966992,1.35735232968997,-1.81167619536563
1046,1.61923317312594,0.666289742493194,0.181520060104909
1047,0.807756290289754,0.419063619800404,0.0478617268736941
1048,-0.198403665048058,-2.12133716628851,-0.394034356833116
