participant_id,wellbeing_item_1,Wellbeing_item_2,wellbeing_item_3,wellbeing_item_4,wellbeing_item_5,wellbeing_item_6,wellbeing_item_7,wellbeing_item_8,wellbeing_item_9,wellbeing_item_10
1,1.19183827127601,-2.25335766695688,-0.856502042070191,-1.04796560782478,0.653515122104554,0.588447216597712,1.28501688377784,-0.461657861283508,1.33938412202524,1.14697137551143
2,0.0587661525439744,-1.10043837438531,0.184171396597802,-0.96471012957402,0.695288857450404,-0.146101429558527,0.644451792254715,-1.67361560678647,-0.622225526938596,-1.46288336089259
2,-1.75580710716651,-1.90360780119386,1.22462506093403,-0.881769819929054,-0.654466333975503,-0.0645906008067941,0.913478601804276,0.177419554916357,-0.381340066713922,0.533348067861997
4,0.312745854939344,-1.52951098490589,-1.29337472349307,0.135187106923467,1.23379198475119,0.675190259266454,-0.105593082326268,0.521758916187371,-1.64178423912043,-0.187065937688074
5,-0.281681780987698,-0.727176634156921,-0.670442777775565,-0.829762837550028,-1.6781018891404,1.23885083413278,2.12583577618581,0.223491931355724,-0.173908312055413,1.25661980210676
6,-0.662822126091967,-1.93083895938983,-2.18596853177283,-0.833305310399379,1.87781816628005,0.00918250921518983,0.146094571949884,1.40353675726317,0.389071181980694,0.27407818269873
7,-1.99440307034353,-2.62078285421866,-0.890930491230922,-0.92472717110239,0.0322819923157858,-2.72649148554959,-0.466077651485256,-1.51731463889153,0.314686063152799,0.659461023215738
8,-1.15307484565806,-0.477214544841827,0.698497909819298,0.124133699862187,1.14747390672868,1.13351673592248,0.943518000404475,0.680271343958177,-0.503425330382952,-3.32780961089223
9,0.124926145395344,0.281658003868947,1.27623786872074,0.709418806113192,0.657076159689382,1.14794992055175,-0.8957885794508,0.173549554248243,0.0526621149889966,-0.333000671062543
10,-1.20804555544891,-1.98330279121609,-0.667258503072278,-3.35167851343334,-0.800717196110047,-0.284762138794129,-0.976185633654376,-0.0560926123999337,-0.322479145307327,-1.84078623077679
11,1.18795885238209,-0.374363633313496,-1.35888368688626,-1.99520903451023,-0.620035750845747,0.153455658082339,-0.481407979372375,1.30162122967507,0.628913012389453,0.290238439560206
12,0.981160694715633,-0.845554064494684,-0.0230507944843821,0.236184757383562,-2.94376919326983,1.43274313822333,1.75105453140538,-0.0750836042347759,0.40688303209632,-1.71392380643364
13,0.350100842504562,0.705874817566439,-1.0455425781699,-0.419651741407268,1.83404334651518,-1.66708302507014,-0.304524829120329,1.06973393985139,-0.761270057180503,-2.47570141867804
14,0.142166536030038,-0.249313946707228,-0.24097921977776,-1.22961397191398,-0.278888514253478,0.370054065079788,-0.880916473237593,-0.377487361740526,0.636645856327791,-0.852604951314225
15,-0.939332951029944,-1.30952519116959,-0.184632164947367,0.905305203496691,0.0533396709830835,0.870939066962538,0.0386842096800222,1.03928117858798,1.73832936063247,-0.885091682718301
16,1.46278814477909,-0.382551015821117,-0.38805076191842103,0.0412259052674868,0.583765733694819,2.18427441825888,-1.94937920805139,-1.14314042559787,0.601332723943322,2.68414049222459
17,0.529725277621317,0.831538272574946,-0.157783381586165,-1.67422563756509,-1.14814455150707,0.809504226967818,-1.93032800239705,0.953394644687793,0.722467761807082,0.410274891509117
18,0.785150931326991,-1.2280085597175,2.53170597976668,1.08004748656099,1.11017051430008,-3.23156439530218,-1.29818900614612,-0.94093776443382,1.22601260507202,0.988802743345489
19,-0.763935474725194,1.13744599269623,0.0712865394845673,-0.482001148553266,-0.225194263905314,1.2952901817346,0.220851031661161,0.246960664989748,0.00172259357295085,0.170853127966439
20,0.0376429539885363,-0.483814660937229,-0.87999082034581,1.41285215134664,0.953991783513403,-0.190840601821797,0.152568236067826,0.0363521205126745,-0.992070934042632,2.56538959545374
21,-0.0166119177389414,-1.50299578605309,0.330211599399856,0.991998668528954,-0.0919356454096339,-0.871942165456729,-0.287702886161034,-0.475913010250129,1.62950977735193,0.314974824913737
22,1.30561473373675,0.4949889730655,0.588480417952946,-1.77284850979267,-0.598565809925551,0.568823249854859,0.420762123902364,0.42552434377734,0.914932673940619,1.06512494192455
23,0.243398242767413,0.16969561782439,0.705608513891021,0.445743741757638,-1.13004412943566,1.60097690483131,0.0508113714964825,-0.578793869232559,-2.3528912567831,-1.86673592019154
24,-0.234546003684082,-1.3146029883238,0.717264546895559,0.587798426659905,0.68532683638718,-0.908072960174478,6.94905531521062e-4,-2.48843082206509,-0.354446543746085,-0.394953042547057
25,0.28189421131681,-0.0491806134999412,-1.50257282964452,-0.387671351175426,-1.70705571584691,0.559306536081675,2.13839505576169,-1.17392896908968,-0.757709266127865,0.730352796913353
26,1.31910669136048,-0.2459169218396,-0.132933657085376,1.55246363730569,0.711589600899245,-1.28141709868186,0.0242922679526438,1.49809495333596,0.772185539206236,-0.401700269094214
27,-0.0735259490850031,-1.12267753178067,-2.01310849041654,-0.758239463920831,-0.313671343121682,1.06044142860552,1.33321289273752,0.384533349270304,-0.676058398547935,-0.904645529742723
28,-0.0427377020390896,-0.747997253185788,0.583289196848505,0.41242266613259,0.72911318778507,0.686830528884019,-0.269105443480844,1.071344588082,-1.17349724564836,-0.438802476803482
29,0.233466102979683,0.0836360624311635,0.909796839741263,0.159287149227311,0.459276966844755,-2.22493922315337,0.0377648650346095,0.489824223158646,1.11521824205175,0.623517639085435
30,-1.10392577037027,1.20851492297738,-0.399167653440904,-0.708843465617455,-1.22839888430864,0.510135803363764,0.0896683232347619,-1.51569821663058,1.08344299687126,1.61780081842444
31,1.08541727575889,1.04188108884242,-0.575699889853268,-0.446207516986443,0.0160888888737629,2.12026174462065,0.355693734182412,0.558183440006211,-1.80388732003104,-1.01032677078853
32,1.17400050667676,0.211454389043036,0.619052790060092,1.11354194261081,0.864902373446326,-0.472266609823806,-2.39330486118196,0.0999340788429053,0.217644004682464,-0.272646814819052
33,0.390795658552637,0.128471768622747,1.51550078926142,-0.0134700597510105,-0.547044961346889,-0.787765868892862,1.03221710265001,-0.686304225973711,-0.486198189818281,1.26071605820605
34,1.69013564775607,-0.469191640489716,-1.3305531730451,1.39159101051565,0.647186413917829,-0.566255255777303,0.758446518497376,1.13750814700944,0.264327125596431,-1.45009511576016
35,-0.23447988657281,1.42516943054852,1.1055194570993,-1.23294796355407,0.0117843644392811,-1.25725782136507,1.44883417056982,-2.35977601714758,1.80312941229423,0.615485908979922
36,-0.936564404718525,-0.976218840600073,0.738232860721346,-0.296492102220926,0.035772095502229,-1.90279565702537,1.35747111805748,0.74232347692168,0.568245058439715,0.263298108298796
37,-0.847452633425351,0.93665713305932,-0.181605114875316,-0.839244607593927,-0.894881345607899,0.942318084742294,0.652423660130643,0.104198692937692,1.7559761404579,-1.47722705046601
38,0.927772798160106,0.690020813888276,-1.3200124697074,0.661982692257785,1.1897011089531,-1.20906330096587,0.00969567253530657,1.13165264057488,0.251398037902269,-0.0849022014358305
39,1.95780339690284,-0.258846188904671,0.256772965394035,0.106034164969876,-0.27158349713363,-0.0356991514938035,-0.77296128906424,0.420738667825135,0.829822542025635,-0.530431559552912
40,1.5180048131753,1.36380724293451,-0.617278779024301,-2.23095200595766,0.542089904794496,-2.36286019542795,1.53380391507933,1.9000499526086,-0.778170699826628,1.77279819382955
41,-0.500110001217462,-0.975780172698503,-1.56636407641448,0.340081130601017,0.0875755386931836,0.230960220651544,1.31952337551044,-0.903109165554688,1.48159741732505,0.498865094140517
42,-0.188936356951722,0.676183370119991,0.617379279329264,1.99272671933219,1.00044870578409,-0.566863628211296,1.32952467501751,-0.114831709684953,0.0788289900541443,-2.19891185984215
43,0.672333777248827,-0.124761726221467,-0.987402478230164,-1.09837360835336,-2.02608682437479,-0.580935614176036,-0.961700822755622,1.40990527370314,-0.243400908154919,-2.78953833453353
44,-0.894045468492638,-0.00600172260696391,0.644758664920049,-0.366560946447731,0.322321871470809,1.33741099781421,0.385998201723915,-1.08832437028278,-1.39725432446496,0.520087816116571
45,-0.479950241041878,1.46549833324641,0.700557354156992,-0.474588605444556,3.84629298996424,1.5220326766307,-0.414347492045907,0.0616141223637162,-0.294814885699883,0.416753901605287
46,-1.38864689718618,1.693231666378,0.663003260353845,-0.28284048706282,-0.926103114957917,-0.357712018324855,0.214127480659241,-1.77799716021757,-1.11471974207679,0.281663422171471
47,-0.550863626125568,1.2160752670881,-0.510656508234458,-0.0653196267671782,-0.684744296304684,0.687385216206284,0.937058435253965,-1.53218643086605,0.417658210582863,0.671833488043435
48,-0.858544214688447,-0.409627415167941,0.591325493217999,1.43218623101674,0.740502209442034,0.166363605773389,-0.949788163587006,-0.360542041015924,-2.21297550150589,-0.972456250927143
49,-3.01441899038143,-1.31723916660873,-0.0933048796280076,-0.911051105239209,1.47337339603332,1.93415258624934,-1.96437750596977,0.885809621380543,-0.752362323080174,-0.497742073071382
50,0.254692142008339,-0.312303150634801,-0.13951802673852,0.188142113235569,-1.04782194543222,-0.744929438128709,0.925180756888942,0.0233729433038645,-1.64392948812553,-0.647704248970581
51,0.361768911689149,2.19382512244758,-1.07924614188867,-0.357971367924071,-1.11188538449697,-0.176870223049572,-0.0716485960433571,0.0374762170284797,2.35767829130752,-0.250210180959672
52,0.595955693406334,-0.06236134326921,0.478731975662137,-0.396001935759472,-2.25152735703197,-0.084301849091584,-0.103689384271979,-0.456774601447056,0.327783351771941,0.574875751261098
53,-0.365674538459983,0.095387911946612,-1.12818835260069,-0.172333551306347,-0.638134186519619,-0.892473598959451,1.02363875945797,-0.259587341703012,-0.497493356265556,-0.885749129386184
54,-1.13715322434204,1.33988210301206,-0.104746037597101,0.428513028199972,-0.705302289040985,-0.629949871300974,-0.753315517354704,0.214621355907778,-3.38358607416006,0.625104202336444
55,1.04894920366826,-0.768135042264031,1.72675101911283,0.064829848060669,-0.217207116916489,-0.659645010518801,-0.225455492158164,-0.971272755502791,0.55753572185592,-0.558415604964846
56,-1.57752014942721,0.353639352995832,-1.46958739926384,-0.242500789947261,1.19341050345873,0.355894380590571,1.27104441561541,1.40158217052003,-0.663577381378485,1.34796018343323
57,0.0415120327851826,-0.0313379813841377,0.836740274451645,0.591661084537875,0.721218566181808,-1.16660356762717,0.528839455335438,-0.28913891169304,-1.35922093059777,-1.50729571637497
58,0.10922841344375,0.949768887174631,-0.939058973785268,-0.587341320919869,-0.610027350107352,1.41471965596865,-1.04943755085105,-0.0013646783746448,0.639195434942495,0.302476995498631
59,0.306197232559415,-1.76933150710986,-0.93993322176838,0.897197528976725,-0.221613704760264,-0.801809139689599,-0.253465537847239,-0.271097501883745,-0.078886531811643,0.779134823717911
60,-0.320973566311498,-0.612274462308347,-0.0103843450806119,-0.784842074310602,-1.3825575820747,0.843836328006864,-0.0772750828565161,-0.106692900775594,0.109969628487524,-0.74279748336579
61,-0.839375247738542,-0.357710583284619,0.187643892723312,0.099950266975085,-1.51820324866238,1.0396735079593,-1.14691326586402,-1.1357591301753,1.00343226275856,1.77282662336589
62,-0.0511490458385575,0.114160863848827,-1.01948522857668,-2.21114952364643,-0.560199288429064,0.287978317747268,0.456689020514627,1.25455098967545,0.344392619086137,-1.34265618634607
63,0.735187212134474,0.724460036948251,1.29805599000624,0.0226840440046556,-0.377502393277142,1.10419845357136,0.223169181545365,0.570724784714788,1.79292135157058,-0.0579446302596447
64,0.348341215337319,-1.19178280667795,-1.66295693970118,1.26822946836764,0.582041401634316,-0.236621900405337,0.491328789796718,-0.0962686427059645,-0.71711591255121,-0.0511141248564379
65,-0.30807757678552,0.0829557742086596,0.888884143482642,-0.543049766876358,-0.817764567261363,-1.32611890567917,-1.14289617294325,0.355870991565213,0.136968476951225,-0.625074279938137
66,-1.05165769524491,0.565488429311891,-0.74621979491156,-0.0448942098123168,-0.637470541545665,-1.13830883735369,-1.09866983466573,0.328660267016653,-1.48840617359918,-2.12707286275506
67,0.534615374217717,-0.932243225616167,0.956517493631791,-0.642241509145804,-0.82881564875634,-0.609810379058365,0.709309074054217,0.276624472823132,-0.748532583145905,-1.12910679682972
68,-1.66608172096801,-0.762171591721576,-0.0164978183366574,-0.31779698269432,-0.310372311580875,2.504954658776,1.13188689650231,-0.925426939511396,-0.680471033802389,0.911807863155676
69,0.475768890104486,0.189261248521588,0.871306992399361,-0.974472635991299,1.30244574699974,-0.9207236070517,-0.411697021259625,0.49315798624731,-1.07415631515343,1.82799630416594
70,0.497182364503018,0.532973597113073,-0.591678605754147,-0.0507810543489,0.65563686966679,-0.891114944213445,-0.883055108280636,-0.616769576700326,0.0846512775355271,0.155544683192274
71,-0.280199500521401,1.61060070733363,-0.913307276376368,-2.00634358460959,-1.11879001073344,1.84196481061562,0.566131193953652,1.72788058607331,-1.91767591693476,0.421952554931762
72,0.557555746806355,1.11570016499918,-2.40960421786581,1.89452941352188,0.302910451965418,0.900350175694662,-1.70163277492159,1.17110985609966,-1.05003818851933,0.0671567718554055
73,-1.68431910883439,0.320971903923914,-1.4539728623175,0.761258223639913,-0.784212492634101,-0.124418077286645,0.509266733578635,0.488328038487979,1.56413012166439,-0.458724361347228
74,0.321459963089366,0.00155944643037352,0.295101981088979,-1.02287826715662,-1.01273325571415,-1.35401705133061,-0.50645235086655,-0.398858408172756,-0.687345309764391,-1.22236563027938
75,0.400180222456776,-0.400995928384505,-0.721146663527805,1.46636791502484,-0.367378529534085,-1.40863020041431,-1.52807218182283,-0.236166511897408,-0.143985442523747,-1.44403705901483
76,-0.811398649085863,-0.0800702388141958,-1.40591521042095,0.0331795591924116,-0.474972449229363,0.151732196453335,0.802894087741116,-1.11092144087225,-0.479144308768103,-0.0923258094310483
77,-1.29110613345699,0.947713653617426,0.198306142449159,-1.81466315582233,-1.15780890475914,0.462127592838571,0.32892816403156,1.71043542906389,0.48878485139417,-1.12191124348239
78,-0.282349879340693,0.685746808290225,-0.64192268679707,-0.458327695888618,-0.265215647466595,1.20281340916398,-0.936503161932746,-1.28286145054435,2.01855506541949,0.14523003371376
79,-1.7649922773029,0.670773748584562,1.33469389139549,1.43355176609007,-0.335708188903737,0.277574385980377,-0.410159635342226,-1.67587306929734,-0.595908912846138,-1.33369913618198
80,-0.834049653694388,2.14909325090317,-0.250916892078026,-0.582542308190322,-0.197478645134772,1.01954354105136,-0.734059085395301,0.576677707058219,-1.1144921593593,-0.646155077295533
81,0.201224262339372,0.252049094633153,0.824217563531004,0.0453430821769342,1.59901302630702,-0.920460933451398,0.361562328728432,-0.117842535736409,-0.0988034928385739,0.494359737802049
82,-1.95784478565899,-0.735175164269226,0.00835199907621973,-0.0311377237683618,-1.32394174737013,-1.05830178448824,0.299116308571532,0.196528774570612,-1.01895584252839,0.822410653423659
83,-0.798028879453072,-1.3097280823332,0.209661457502723,-0.556844946284634,-0.943825419303129,0.510610679893327,-0.747529333250191,-0.119043675779316,-0.654635119443874,-0.410427333597357
84,-0.185296999766151,0.545784838637142,-0.443635199674875,-1.44786011859566,-0.220060640326879,0.684866822145203,0.638348020975176,-0.0510190889378033,-0.872456491099298,-0.459832139327812
85,-1.71851904923822,0.390714974660303,-2.05596358052627,-0.478130659032447,0.496172156216655,-0.569975743262245,0.294691630404261,-0.646953870175407,-0.762013063741431,1.88965410912254
86,0.738714554112823,0.207826824823621,0.759056549909718,-1.20371251954764,-1.61836403912808,-0.483767542907044,-1.25943635525091,0.530496364424143,-0.8448878663115,0.28761418935943
87,0.657697692280407,-0.6401248377775,-1.10221043549155,0.874537798434823,-1.58841522983416,-0.00793687331071537,0.599570652242376,1.80216461832981,0.057222882550948,-1.18616382467241
88,-0.44935141858514,1.53807499289924,2.37028826629684,-0.514848728318092,-0.980113167939568,1.35780129296145,-1.38427755852532,-2.12930262715757,-1.35277013624541,0.67244424654011
89,0.488844515412359,1.52844989698482,1.15443033673246,0.24204174259562,-1.26368936699209,-0.79880133314005,-0.44383742652308,-1.1019626761831,1.68765588723541,-0.0674891525829093
90,-0.463409098382788,0.580837928463773,0.286187162363849,-0.931481089652333,1.17895020885722,-0.591820807655995,-2.37420900169909,-0.31555358209269,-0.868603388101613,1.8843369734809
91,1.16688650455516,1.52080931779467,0.730880873752826,0.233236033544256,0.471426094586895,-0.853054613084896,0.295622769646061,-1.05271464039056,0.340184373755055,-0.712909439045075
92,-1.43939528043013,-0.24847613993725,1.26865125663454,-0.200427253972736,-0.297612819335269,-0.705877265171351,1.98179101629486,1.07655634274785,1.80947423991847,-0.782127556160924
93,0.473151756683792,1.7235174750202,-0.0286793745992525,-1.1084212946028,-2.67930242209057,0.0686425301412252,-0.524304941620656,0.371088081261473,-0.72462537178618,-1.15518662647949
94,1.85462679022612,-0.209230937316612,0.56839603619737,-0.92451894372175,0.276562406841989,0.0667716903309874,-1.28465689068535,1.73362262507284,0.483592348574285,0.21231787290828
95,0.888520068349163,-1.30570187311345,-0.30311323334781,0.142114317165955,-2.27058128250844,0.100646804675786,-1.442506151088,0.646532255786392,1.65266928387599,1.40802560969637
96,-1.30687727574502,-0.293053071195316,0.655239221138893,-0.109129118613882,0.769821649332971,-0.445937786391666,1.23123552776433,1.88992320527966,-0.554203895340081,-0.465220919780091
97,1.10791130363098,0.221053342078978,-0.633816232073319,-0.492090481207831,1.2579749371621,1.09717599166079,0.734468705332132,0.00264778463408534,-0.798649021552436,-2.37933483559682
98,-0.00691164235034501,-0.292868750058157,-0.701074423904094,-0.0739483907461953,-0.409570528339541,-0.757970596675879,0.189751608132508,0.261900346306385,-1.08277266384401,-1.14887410118207
99,0.486459411842575,-0.698016740997935,0.961432584833856,-2.60628975567273,-1.31574309043145,0.607129528351617,-1.10878045087924,-0.15842448482282,0.976454728790063,0.389400973791185
100,-0.824393906552845,-1.54988054429219,0.457466062566364,-0.63812125643474,-0.726073299365008,2.67783356706659,1.08862370678454,0.610087843605861,-1.44507143346285,1.47729634346161
101,0.814896789933843,-1.5383301805944,0.505293342016489,0.223656105889677,-1.05997135137077,1.23632254068583,0.445235505934011,-0.257129120018133,0.57292329407297,-1.05731882965287
102,0.465267248393696,0.491223272989146,-0.167489723719779,-0.971299228418049,0.711988410151656,-0.160583253283737,-0.45290606425652,-1.35197435207478,0.25758130861149,0.449321637573542
103,-1.92276003670313,-0.893030618533339,0.748797346807891,-0.250641999250233,0.859041950264885,-1.46878593416964,-1.43141074669567,-0.334325084965638,1.51152309298658,-0.696219979266814
104,0.324242543113665,1.40806232059678,0.710983541503698,1.37678896879792,1.00916468999678,1.32165865104532,0.318132890267583,0.354732253530051,0.164998179406194,-0.933568580075244
105,1.86833363276612,-0.795095062579259,-0.889379448891468,0.0801328964513282,0.100952425941403,-1.46974457102645,-0.00634899845490796,-1.16520250696202,0.226554028805957,0.943528439678869
106,-2.20840446837638,0.228970548250782,-1.46278332739701,-0.209721709687252,0.125440369683503,-0.0268892727228846,0.144858547406137,-0.17101264909899,-1.24655848515695,-1.23373826423239
107,-0.160312961119456,-1.42281915236091,-1.23990536929837,-0.265775171249289,1.48401411325935,-0.576602776861228,0.100316575499754,-0.146223915504922,0.388061411903964,0.408817419862354
108,0.575877482144457,1.54197244557323,1.42044135382106,-0.473701413889792,-0.0726908968829682,0.117151003069641,1.12834805588197,0.61990456288182,0.275951431625137,-1.13313372109926
109,0.613936877196165,1.61860324103403,0.422336337222964,-0.0413153234806034,-0.52933771206902,0.0927219719151409,0.923600430393477,-0.422778459294925,-0.446525053286819,0.0866143770928028
110,0.145273448370818,0.306995719359529,-1.20876645592834,0.329310615987687,0.487608554411971,-0.114239943042924,-0.976552192148348,-0.173846613746735,-0.431137854573017,-1.71365886992287
111,-0.101172997800053,0.606822067707071,-0.133298838540097,-1.19164284850779,0.265798785378695,0.969577329192515,-0.137275749564022,-1.1849903978032,1.7332732458143,1.60049085274552
112,-1.07912928105278,-0.36091457931207,0.206574345001447,-1.3251069984664,1.03648023317901,0.0427531455114668,1.35811233994751,-0.696075782988859,-0.702491409963111,-0.109248302677165
113,-2.5455709161641,1.33406679172427,0.855612699159927,-0.355844353383653,-1.01796883798028,-0.263595671094031,0.731020139200828,1.49455165598214,1.09050767314388,0.571466864493173
114,0.178020160610762,-0.338125276257549,0.714051768230812,-1.37988882795833,0.57017950406459,0.779732909331821,-0.899202706872848,-1.22967414651923,-1.72681782538318,0.514954240917763
115,0.904024587226159,-0.648255164016478,-0.174143819060157,-0.714619744646569,0.41681206965443,0.944469577157129,-0.776687319911391,0.658865363668262,-0.533509736871138,0.150767253491899
116,0.833614308220444,1.09807888216827,-0.549907802947388,0.173253226555507,0.888774810239947,1.22999124848008,-1.0396991785936,-1.05209334484891,-0.250410506177406,-1.32877412022343
117,0.846898397863198,-1.54439104539864,-2.29426438066949,0.09861899746387,0.975031533983848,0.0691988479639602,1.41620582608348,-1.69640116896484,0.646433462748496,0.41346602596992
118,-0.0024587855692808,-1.11262585272173,-0.0289454932956195,1.13858665349637,-1.45938939575067,0.334680206359532,0.122424208588238,1.11578803669106,-0.223225834513653,1.61390079406736
118,-0.42134398144447,1.0003697080407,-0.643157069352909,0.613208377694093,-0.366082034117079,-0.0742605374386289,1.36932050986504,-1.21261597002578,0.592277193889655,0.138512545892274
120,-0.674066052812533,-0.896519368622386,-0.786848575461233,-0.505933581711926,-0.891758890697758,0.367662183722569,-0.509976774233843,0.560497499747249,1.33777510534032,-1.32018381131829
121,-0.94186229742534,-0.248945662851109,1.60202382474939,-1.04624422530873,-1.04085865450146,-0.285101531246272,0.70093639316278,-0.158456106811408,1.19572282252533,-0.178924206995471
122,0.426674749148165,-0.62309380143211,-0.955172035579926,-0.699641624053763,0.0897508609911253,0.25010827573714,0.168054594951262,2.53067473578052,0.987652748428554,-0.864834016882092
123,-1.63791753541604,0.459790962548981,-0.888547775606119,-0.822650281664275,-0.241945934042138,0.695175120565813,-0.742033231911267,-0.913970816774681,-2.60123486525721,0.0850195452172747
124,-0.0107757830180181,0.843699057764184,2.42419098031444,0.223379269375207,0.854148960270953,2.30599199741287,0.422079884932224,0.439194779095558,0.582732210661694,-0.212327361509235
125,0.845294360721219,0.657650311588368,0.0800291951585997,-0.453388342742782,-0.0516009316259877,-0.105605875267981,0.939473251723316,1.08629842193191,0.406043320432453,-0.499309574775043
126,-0.020298806461172,-1.25841673365812,-0.498996049665062,-0.0583619872559469,0.0185074756069815,0.146248527570378,-0.464171336683623,1.11353543097814,1.0343965614406,0.733209724397335
127,1.80425912197032,0.99690364346085,-0.105754912110309,-0.291975902602004,0.396128141159035,-1.58174315497449,0.887158959231677,1.35553183676256,0.37504210520827,-1.06316666396483
128,0.0156711326423048,-0.800761949283106,-2.45024308702146,-0.444109171786566,0.664099482509701,0.0602435686330284,0.00505499799374231,-1.53003001759405,1.24072057274965,-0.0381816461729549
129,0.527653370677837,-0.47450897569746,0.487033049543959,-0.196901249915625,0.876920268956109,-1.49802867329578,1.28275407912073,0.0210016723871225,-0.655678755578907,1.03585319555679
130,-0.199992017543354,-1.23390176382445,-0.20159573513903,0.963447349430557,-0.163323017243659,0.892754753146864,-0.244747843404808,-0.912459251347685,0.465398550648702,-0.771528716151433
131,0.011880634716566,-1.33988405406505,0.754789391468881,-0.968197766352879,-0.708491746277962,-1.21411316466995,0.811901676016136,-1.06989485816436,0.947599779257576,1.37335109105493
132,1.22224623544872,0.467475242750444,0.464218577154379,0.157458830285896,-0.799305595165533,-0.0149544847244893,-0.340972770425798,1.44291649646623,0.267336144362825,0.883427091116874
133,0.114291822179025,-0.606800837397217,2.22842791528941,-0.733344515145743,-1.44423985379358,1.75624049872371,-0.816586227098898,0.0740442910683485,0.159577858958704,3.58424619329378
134,-0.448708931766278,0.603189274778325,0.0907284567212703,0.573446000708566,-0.100020140510914,-1.33722191867256,-0.934975333919345,-0.386109638311689,1.72999411757154,-0.106462839428129
135,-1.48953350630233,-1.30852236054516,0.889261037440169,-1.73997650925436,-0.0132289042543639,-0.204237170705209,-0.483302480080137,-0.324899898117317,-1.38592205510426,-0.00209272979018391
136,-0.599181290185933,0.42723602917057,-0.837932326172334,-0.434381237644094,-1.36803747549722,-0.60994589391949,0.0506678063916168,1.18483235010446,0.115550577514806,0.159753023747341
137,-0.201789648005739,0.0311315963692351,2.05888333693397,-2.02041301698337,0.0325957848508801,0.112183427050967,0.554014901893682,-0.790445493829901,1.84046987245104,-0.701784996639924
138,-0.771204158602175,-0.168586636517615,-0.99778045879269,-0.530299821291956,0.865881726074402,-0.510921218592276,-0.311296623617844,-0.72046451622521,-0.86565375595319,0.0700746313916088
139,-0.0318478700724979,-0.484316013642236,0.383180627322373,1.00221197933415,0.904400368043318,2.00473794033168,0.664974312040891,-0.303573115134699,0.192815163876438,0.593890799613327
140,-0.671252351650653,-0.0682979374194363,2.51678720133644,-1.14053455259048,-0.281269885598939,-0.259813301001101,-2.02766617474661,-1.90045486992243,-0.00890715680099967,-0.516875559762121
141,1.75470889036297,-0.19923130251784,0.373197892808831,-1.48772142531619,-0.32499553789008,0.0692832698631463,0.874543984745455,1.65784477578976,-1.00874485467858,-0.272966661622365
142,0.0768028756624745,-1.15265822028848,0.929421341437413,-0.97070409828298,-0.27204623603295,-0.117990622887248,0.743338078336383,0.743206182379944,0.400636815450547,-0.481994938739259
143,0.699107613926935,-0.320804118676047,-2.55715449170844,-0.255174700683735,0.62028489795421,-0.540961517615898,-0.654290266478488,-1.53356124223323,-0.459808084059956,-1.11367787119579
144,-1.40723177460898,-1.01020718878653,-0.552030186103866,0.549324284515884,-0.941974457963054,-0.598097762648256,1.30671230856541,-0.310623942490023,0.355775801650482,1.42059590673497
145,-1.01289335235547,-0.593460562119177,0.0337862673754102,-0.00460881464206181,0.0886671458675388,0.0194721386952568,-0.267895038034286,-0.236520091917947,-0.708832411000004,-0.894523242184708
146,0.178076718515588,0.354753180307637,-0.950431314948357,-1.01535352449275,-0.172903534002415,0.00790463158670902,-0.656364519693376,-0.00442878764802975,-0.430455842348865,0.248586375785243
147,1.21046511284053,0.665724144052327,0.145185286344717,-0.868086329416793,2.13608025812725,0.365157478444244,-0.635274223498433,0.258576920407465,0.282696023032105,0.279966458999187
148,0.269144554390263,-1.48398617887485,-0.0826061515626521,0.128078029046163,1.66607990061771,-0.816282519526868,-1.58535688505941,0.0113964922027363,-0.520667611772344,1.61743310678126
149,1.23296008402588,0.561609238302089,-0.65092943612458,-0.382653977752873,0.453125749442141,0.311423620105856,0.942199262831889,0.884902785985802,1.51703936664269,-0.209193886356489
150,1.46999478845161,-0.825156697093727,-0.219681202684874,0.939618235180717,0.209996953892321,0.508993888248123,0.672834368207188,0.0110944207054708,0.397230590843048,0.420310691015807
151,-1.10954854750108,0.280333566682513,-0.0997560779779315,0.570336800642422,0.248050821302648,1.20549279932155,0.00814197243546435,0.817073448599432,-0.712344760101802,-0.556936838207355
152,-1.71195794070348,0.483189521697033,0.471081243120938,-0.327207422635967,-2.44632088958089,-1.81533828091943,0.120101357177981,-0.0838318992786822,1.65050851375923,-0.91967664489403
153,-0.293010988625797,0.720901870286793,0.500409188518953,-0.0923354531638937,3.14785822809396,1.33119370151348,-0.0971982848853327,0.685771505673109,-0.320269371644896,-0.932461703212432
154,0.442089975801521,0.496728828415791,-1.47366225114917,0.136864493625544,-0.777007994768602,0.747701735552314,0.690736276615674,-0.17062577195271,1.81199878130998,-0.821533619676503
155,1.5774223502948,0.99412748621284,0.293251991875952,0.773429175640183,-0.0876573038605539,0.827211235844743,-1.19732883310401,0.519590159529026,-0.153729349998369,-2.04511791137374
156,-1.75300351449557,0.243539805811123,-0.399461149269309,0.561666636378965,0.483550002515138,-0.514086065129096,-0.945981856559945,0.510195093511551,0.385963207833111,-1.61313501335985
157,-1.44761834806001,-0.756942474811575,0.264139486447623,0.178189827120857,0.87956651037608,0.802517960798103,0.693038676658274,-1.71539170231241,0.613130882839973,-0.418299419642929
158,-0.505728272252988,-0.0546537469187205,0.997033880964646,0.163243867663882,0.948975069662469,0.734193776138108,0.509407137771371,-0.469702413917758,0.833889957057653,-0.628184958777641
159,-0.157206595506395,-1.51680357105604,-0.788693501381994,-0.912534514146062,1.45590365326375,1.14395501290254,-0.608904660005745,-0.161166949668372,-0.335128113805721,-1.86683385145948
160,-1.49699270197043,-1.28182279246284,0.0801887956178422,-0.972222320795126,1.66654848973136,0.410789632927669,2.22691277864989,0.574078060164191,-1.24212975584649,-0.337832250057576
161,-0.68616115773047,0.964809764844813,-0.171248478814754,-2.07679839611174,0.167450369481609,-0.448707862711441,0.93533277807929,-0.29375892019983,0.887694928041471,-0.00517362561194641
162,-1.94512801477268,-0.788725478931012,1.13500148801154,-1.95276809518846,-0.267699998304474,1.34689266003334,1.34822947503344,1.69380421407528,0.181516848997604,0.0361639862314824
163,0.493442831834619,-0.0331788112862647,0.781252548439728,-0.883924177925763,0.542135553470714,-1.67140523235092,2.08166605977394,0.0483392302710457,1.92962896838254,-0.1974841276175
164,1.1970413902619,0.0371442084763572,2.03843285610455,0.0436771545278436,2.84949446550987,1.15863063886963,-0.230199733822944,-1.05355362307991,0.161666121218313,-0.494470864840981
165,-1.30566912556344,0.931465824118953,-0.785249017385452,-1.20534701010312,-0.169580855141526,0.948001553859397,0.183244586878986,0.520876842339191,0.203376931271761,-0.970044927400856
166,0.658733626646198,0.689318177959399,-0.644001339338261,-0.441985508820597,1.10444456250392,-0.320456361347829,-0.915425904831835,-1.48217740700752,-0.252746413952706,-0.216716711268843
167,0.501416440409008,-0.984851685565101,-0.110901698560193,0.131100718009512,-0.0950348250968423,1.45057200873944,1.00267224608401,-1.53283200568832,-0.0465210183131989,2.62534826321513
168,-0.871958554381536,2.21038919779891,0.745035971244043,-1.4831339851789,-0.176072613834525,-0.500099023749403,1.01129273015782,0.362060601589657,1.95788921890655,-0.622156371664612
169,0.432673093898601,1.20017697187737,-0.843208144483751,0.0294993330497256,0.247132002766371,0.953531752885426,-0.180703784167001,0.154434646018453,1.00233137475202,0.292884067992511
170,1.14090482871018,0.558283085097024,0.38408056785545,0.710534470606215,-0.843279486704176,-1.2941071073297,-0.690779980479224,0.0332670597424179,-0.973096092620847,0.91954297484803
171,0.0260800220615699,-1.08568093909345,-0.301648634178759,1.87110533816283,-0.272831794410627,-1.7448198655332,0.241573398955771,0.674420898663324,-0.472645039636109,-0.0400296498866911
172,-0.890029262557178,0.963186232753974,-0.539695745032463,0.246452977407621,0.210033931765229,-1.79883001931121,-0.688126863166712,2.07771275966054,-1.32380988847213,0.9921596382505
173,0.77664491684153,-0.106306286540937,0.724710796047259,0.239616323949736,-1.71864094678351,-0.858988589862468,-0.749795605277868,-0.0392630259691637,-0.591388697439974,0.042537003008909
174,-0.461083223461207,-0.62968375423029,-2.84543987942865,0.499948262013887,-1.08614447409715,0.0195750460550128,0.186899996984397,1.14812376207934,-0.13193420896597,1.04056027609894
175,-1.71246118541463,-1.87417375576369,-0.522991922096967,0.068380074560525,0.311774555682209,0.985383140110156,0.119725330685354,-0.164164982648738,0.706222385614723,-1.32521005931568
176,0.693434471543986,-0.396439221171408,0.624071982693873,-0.0483476662699623,-0.0685643255775025,0.949785433332768,0.432736569004909,0.807969733472204,-0.364831958617852,-0.028418307385921
177,0.198827360886522,0.456312998731113,0.197289429218833,-1.22693888433546,-1.08851203686035,-1.10672504235287,-1.10403020306205,-0.068154713321342,0.186636341731963,1.00791101021983
178,1.45346388224678,0.776496105889862,-0.524075796337397,-1.90121717327119,1.17563022108837,-0.884681927986438,1.11614388505356,-0.297073929287333,0.684792973040644,0.305442419441531
179,-0.447169284869581,-0.438264861060582,-0.0211476550088249,-0.762760296971561,0.481864022170834,0.588204342903033,-0.424143704276264,0.367463542559158,-0.0193521992902808,-0.168044607885307
180,-1.12478489805029,1.03656361792352,-0.454651448038222,0.0511219831738895,-1.38633664405275,0.554535283497767,0.0342558744421666,-0.711730863158766,-0.0998025475002987,0.89944472182295
181,1.04499639920973,1.96693083425289,-0.580027682404525,0.859352060636682,1.71210464351821,-0.461255489838194,-0.388640805226828,0.731819828208833,-1.66062799748348,0.460571192573229
182,-0.130133779411891,-0.665494424243411,-1.7050476192535,-1.70431607014738,-1.54460140149081,0.873533930807262,-0.338901340796963,-1.31411055383328,-0.251678192668205,0.434122398619551
183,0.324852125857698,-2.05040835459246,2.20421139056023,0.322814278677937,1.43437221066562,-0.967320965982544,-1.1507494186796,-0.401947703464489,0.805753079732496,-0.806479710145775
184,1.06825110083264,0.79866261988188,0.430380943268135,-0.350731655262453,-1.56300673751216,1.39199716500109,0.849605092437651,-0.769039426218867,-0.157656157591179,-1.56727815967697
185,0.802703061673344,0.226481555236303,0.888472517447662,-1.53271207447921,0.224948073456385,-0.239692028429365,-0.788816379055447,-0.632929323814144,0.589989865485966,-0.059214899643804
186,-1.11864488152344,-1.10113720791752,0.872265843184141,-1.66360715221749,0.152106627003059,0.0164585856982172,-1.03303522463083,0.590963867414236,0.310245318640589,-0.673820846994443
187,-0.207204086037701,0.857839403132913,-1.67121259993656,1.93874379664911,0.0899090460196548,-1.19131315332046,-0.33033293301297,-0.289660733355489,-0.117094054176313,0.0510435620771314
188,0.171439917167077,0.886120995270572,-1.90582828821048,-0.939912141513655,-0.657102821335074,0.431060411539333,-1.1236808670654,-0.617606182219147,1.15967446208697,-0.00932209217546484
189,1.67374152489807,2.858669594725,2.06691290211281,-1.15736325365417,-0.193516814141436,0.129412696448234,-2.16560250613454,0.129487780225393,-0.665539864194263,0.443846840064298
190,-0.183960216534572,-1.33340527924018,-0.661198427179458,-1.73660015853546,0.355843222957871,0.711237680135705,-1.20856767800115,0.862233986392832,-1.63567023673649,1.13493834981677
191,0.519070583700658,0.779711101250267,-0.0559635977278201,0.934164891541264,-0.0939002076714283,-0.644071983148512,-0.548231919285341,-0.84145805861225,-0.494342979464365,-0.279389748129439
192,1.31527424387415,-1.02325073708629,0.899407687666259,1.1398579874368,-0.14139876104113,0.231330266669394,-1.82868135174522,1.25578247524995,0.661315478944387,-1.05153944457561
193,0.245404484861321,-1.02202843496026,-0.0839504438617775,-1.27229012940241,0.515961269278444,-0.885959074228931,-0.116579710477411,-1.31273248085136,0.823202745892799,-0.139052315819202
194,0.0695196347266778,0.302415800257103,0.491381511649086,-0.094049887742456,3.09471287455854,0.167744825267016,1.22137271027797,-1.55668112163697,-0.0556303045702185,-0.211958217130868
195,-0.545823315014408,-0.417755571469596,-1.05211563356381,-1.08025944764348,-0.374962763411234,0.979385668277903,-1.54858261227004,-0.572806868308769,1.16006392977889,-0.851827681942092
196,0.0160612561424481,0.121478306762023,-0.141994255240217,1.13376285797211,2.5272870012187,0.734518614097646,1.85919505101345,1.45281666017069,-0.780634398800062,-0.76929840279022
197,-2.61690981724352,0.11444035650573,-0.395813387866125,0.154516653395307,-0.494487669644906,0.887494300964568,0.0702568486892552,-0.463921200243487,0.738864022988021,-0.465076455567727
198,-0.274520311033064,-0.217909982683046,1.54318340870585,-0.497991326411346,-0.913901992996785,-0.940426985738536,0.479671771860952,1.15288955259601,-2.07016246404257,-0.755444191197026
199,-1.4897225983789,0.420611744543975,-0.354702310481509,-0.777369693808087,0.7337786174793,-0.672227434419134,-0.0550467111719107,-1.07430986348896,0.870162405980375,0.468340102795501
200,-0.44106463568764,-0.526911765060637,-0.803193777641471,0.140297013532147,1.27087657279465,-0.25856017569566,0.806346576251518,-0.262339517806438,0.717085137875126,-0.80447090743812
201,0.287548692395547,-1.96036721018978,-0.228554892817404,-0.539305822391284,0.913297668205645,1.21648606836422,-1.0954905553749,0.145985286791002,0.73731059188055,-0.377787110186151
202,0.435528409350991,0.859431089117765,-1.23198250449024,-0.0318200767141783,-0.283198083940495,0.910076038182164,1.01938586572209,0.434943940056882,-0.937499488836902,-1.03890031378259
203,-0.600368279438781,-1.12985821964371,-0.166622773180664,0.630622102190464,1.06633306303815,-0.105364912433779,-1.63331584412885,-1.63210782047379,-0.424640876439322,0.507943453685665
204,0.0106997398799263,-1.57999579626297,-2.02252734927417,-0.176441871121135,-0.401305515598438,0.0727024682201355,-0.380260560019515,1.91311773923363,-0.0778839885235128,1.04648344334168
205,-0.513616904724085,-1.73649144482007,-0.605712030551054,-2.24583363355164,-0.14644361536081,-0.153004720030143,1.42487704873618,-0.97872141976889,-0.777068553478011,-0.312073709480027
206,-0.773109531100018,0.531038860852572,-0.00606362622649015,0.183177803994692,-0.930355014477182,-0.293465496774469,-2.15496644953505,-0.0596716353401162,0.899900822730106,-1.14688545416147
207,-1.58447145325717,1.12134085726607,-1.89692349687241,-1.52037897887716,1.36709171771054,-0.180577024629018,-0.424866316836469,-0.369489021376726,0.323583146100468,-1.63395710056112
208,-1.28165251519521,0.0320826845027475,-0.865744449137951,1.02650553638138,-2.26597172600227,0.170572467793469,-0.936442533844033,0.408173961073687,0.225991370205493,-1.26227756513047
209,-0.752565480234839,0.0796818389938963,0.369505028399171,0.0282197603872655,-1.47139821506332,0.46481249164953,1.33890321739532,0.165406392039822,-1.34696844896905,0.0872905441729559
210,-1.8260471209224,-0.553622587899697,0.716333047224534,0.285189353976342,-1.35968726236391,-0.516291508512412,-0.513119023696167,2.15459594065555,0.405311343284413,0.796568370452247
211,-0.849855496090227,-1.01286964615108,-2.26738521916917,1.23154770676479,-0.85161555169134,-0.37470106819749,-0.419824515519892,0.691817981806716,0.066023889742952993,0.251536280656995
212,-0.492036958875042,-0.396644246264047,-0.337847391618256,0.967334411975185,-0.779172739064454,-2.43842782890812,-0.435020030686946,2.38270370151372,-0.808078842845298,0.578366062998875
213,-0.595456838898659,0.991367565162231,-0.695026095697062,0.445964184705545,1.35119959038782,-0.787118432990853,-0.96799229410165,-1.39189582471433,-1.41903314823776,0.675152971959504
214,-0.337046493161747,-2.53227466551776,-0.669428137497661,-0.15578889780678,-0.566039303650923,-1.48096743322186,1.62957721260268,1.0782564668559,0.815033314626831,0.0978127357866877
215,0.713719866895464,0.9284372461032,-0.653859813480467,-0.21749768863812,-0.234469742869841,-0.563511082712312,0.555124685711569,-0.642313578663709,0.6926708302331,-2.04085317978436
216,0.837265327745479,1.39880681757226,-1.12882721121139,0.410074755690123,-0.532337944344421,-0.584950259501698,0.0620924516079711,1.90527536374355,-1.22712502641754,1.12481910078627
217,1.68816780737274,-2.19477905239905,0.095628789334075,1.1045064195951,0.74635918846669,1.73001860732462,-0.947323043654292,0.88495052090571,-0.574791690177421,1.41056550345004
218,0.989192439617472,-0.194867582608351,0.976177641956093,-0.918770074344766,-0.28644703038138,0.192662273083974,-1.46192183232527,-0.0664439791484907,0.878905902747264,-0.448673805181621
219,-0.51989601578671,0.419058978095372,0.948582246388047,0.926333346907427,1.01628209411225,1.90938478261801,0.504750361011815,0.778166825587163,-0.743603320092886,1.17701875651743
220,1.67972952334135,0.362101845406187,0.28527919213912,2.23137299967067,-0.731441722539012,1.5152831573886,-0.585553882320731,-0.266266960214313,0.157081434623402,-0.824294430054643
221,-1.53246747808964,1.36745625613425,-0.974405992729599,0.599938229213567,0.877172259257698,0.86236285662668,-0.458935071330301,0.20023477689431,-1.61208563199437,-0.283630280149768
222,-0.101703316367174,0.481424888050028,-0.214198381680714,-0.558581875359875,-0.243705534782626,0.411130680070661,-0.408069912622229,-1.66157584790249,-0.182226880013462,1.06036792395454
223,-1.02657996623606,1.84496855625039,0.484724371613704,-1.37822030932201,0.492145913120838,-0.670297667677184,-1.40190964638738,1.60026089888102,-0.993173372895821,-0.610781374531019
224,1.28732525924163,0.284588452444641,-0.619393954780379,-0.886509782988295,1.05791725216537,-0.0227854044802148,-0.0700864082610118,0.43768722272798,-0.114668002141162,-1.36239092065743
225,0.405016883263722,-0.149055143312708,-0.165971180100888,-1.24253145861658,0.169228097947208,-0.411692128015859,1.02111400601018,-2.06100914840233,1.24935769972498,-1.88806841254713
226,2.02315411127103,0.644295710702755,-1.39858912786592,-1.01370536265627,1.0539246600641,0.0558504299426145,0.0943877883853786,-0.75328623076997,1.30054962379944,-1.11417705652396
227,-3.28112098596653,0.63982887280906,-0.193711753348461,-0.755705793718654,1.23585377939814,-0.0139321563627832,-0.122805249870293,0.660955698731116,0.592124385702135,-0.567027485097426
228,2.46375972160832,0.303178768274756,1.1826272277264,1.39167777013885,-0.286686844887967,-0.735497529890959,-0.619003869731421,0.357597156244685,2.08361479968864,-0.673280158534759
229,-0.218110666234808,2.32465290633622,-0.260092073722928,0.201505267594202,0.67274319675837,-0.984893401048907,0.733713644092818,-0.358052748425677,-1.21672075056577,0.313996855577355
230,0.16449769066863,0.898757635341555,0.0568919998922614,1.2856574747425,-0.79398440628473,1.15670970899988,-1.08923420505723,-0.194478596025754,-1.27422501007197,0.0988948284090321
231,1.56593295954113,-0.217287244047859,0.69136791738677,1.0242237615736,-1.16863027985217,-0.0843727082448537,-1.2983690735649,-0.713096561620774,-0.620137979905748,0.978305804173106
232,-0.870736120631715,-1.595116374143,0.822156982408283,-0.579456565464001,-0.593072045114423,-0.268433990839463,0.0130774226785183,-0.573781379940967,1.96946681982206,0.0298071961338104
233,0.809182324841352,0.622575640265183,-2.6288137657018,0.263399424445113,0.957804300426004,-0.130202499644492,-0.248418759606303,-1.01772512962499,0.740813390741857,0.132388676061222
234,0.868695393565113,-0.634873578450944,-0.189547183917045,0.734428056981492,-0.181624933516822,0.438368246751882,-0.114387866553298,-0.930640303853073,0.43718966289776,-0.192330726772027
235,1.18299481091735,0.119006311467617,1.46161096791197,-0.1509667610725,-0.638198961339657,-0.0282249004862333,0.428996316591215,-0.445946963701327,0.588280193421531,0.653780616493384
236,-1.56016942877551,0.0926651660726212,-1.66538912095761,0.571553200739027,1.18098296871049,-0.327894446418126,-0.185570131519165,-0.366499242959453,-0.737898786096284,1.19613987851495
237,0.630169931035714,-1.32721672558794,-0.434661517917948,-0.076459736178995,-1.27932351324185,-1.51625185249324,0.731858110076763,-0.323609725762605,-0.975019743857116,0.320352937097905
238,-0.653613796426038,1.82629720106386,-0.862845109005939,0.475327626246363,-0.101600637200048,0.463751309398256,-0.327485507521139,-0.529886564842486,-0.553326556300392,-0.232069940297525
